decision_id,count_id,scope,datetime,time_precision,survey_complete,weather_stop,survey_comment,native_weather,native_remarks
T2248783-coverage,2248783,period,,clock,,,Short empty counting session; assume active observation with zero detections.,,
T2255915-coverage,2255915,period,,clock,,,Assume counting throughout the recorded interval.,"Apparition des nuages dans la sphère de l'Ecluse ! Brouillard en matinée, donc spot au cimetière jusqu'à 9h.","Journée longue mettant à rude épreuves les nerfs de nos spotteurs pour cette première journée de lever de soleil, malgré une belle obs d'un groupe de cormorans en fond d'alpes dans une magnifique lumière. ""Belle"" obs d'une Cisticole depuis le cimetière également! L'après-midi fut si vide en oiseaux que l'on commencerais presque à se poser des questions sur nos capacités oculaires. L'apparition de nuages orageux sur le Jura nous fait espérer quelques mouvements dans les jours  à venir ? "
T2259462-coverage,2259462,period,,clock,,,Assume counting throughout the recorded interval.,Grand bleu encore.. Apparition de cirrus en fin de journée,"What a day my friends !!!! La journée démarre en trombe, en effet à peine avions-nous posé le pied sur le parking du cimetière que d'innombrables vagues de Cormorans se précipitent vers le Sud en fond d'Alpes dans une lumière éclatante !!!Amazing !!La luminosité se gâte vers 7h30 mais rien n'entachera le désir de migration de nos si élégants acrobates des airs! Ils passeront sur le Jura nous permettant ainsi d'apprécier chaque détail de chaque plume, chaque bec d'un jaune éclatant ! Pé-da-go-gi-que !Le ciel se pare d'un manteau bleu dans la journée, laissant entrevoir quelques groupes de rapaces aux plumages aussi variés que splendides : des Bondrées apivores !! Quelques Milans noirs se glisseront dans ces tournantes aériennes, laissant entrevoir leurs plumages, tantôt usés, tantôt brillants comme un sous neuf ! Mais que serait ce résumé sans parler des groupes de Cigognes blanches pasant à l'est, partie la plus merveilleuse de la sphère, et de ces détections sans failles et sans répis de Romain, spotteur aguerri, ni de cette non-attaque d'Aigles absents sur ces groupes de Comorans ! Nous souhaitons remercier Roger Apivorus pour cette belle détec d'un groupe de ses semblables, merci encore à lui pour son aide sur le spot ! A bientôt my friend !Mais que vois-je ?! Ce n'est pas la guilde des salariés de la LPO que nous apercevons ?! Que serait la migration sans ces moments de partage !? Ils ont pu apprécier un vol de Cigognes OVERHEAD !! Avec le deuxième jeune Busard des roseaux !!! BADABOUMMMMM !!!La journée sera ponctuée de rapaces locaux dans une proximité indécente, environ 1km de distance, de rapaces in-cro-ya-bles ! Je cite: Le Faucon crecerelle, la Buse variable et même un Epervier d'Europe ! WAOUW !Et soudain, BADABOUMMMM ! Le premier Busard cendré de la saison, le plus beau rapace de France (hors vautours), une magnifique femelle adulte ! Nous finirons la journée sur cette obs improbable d'une Margaux à temps pour l'ap...la saisie et ces 3 incroyables Hérons cendrés tournoyants durant de looongues minutes, ainsi qu'une course poursuite de deux couples de chevreuils ! Suivis des pizzas en observant 2 Bihoreaux tournoyant OVERHEAAAD !!!!! Viva l' ECLUSE !!! V-I-V-A !!!!P.s: On a un petit problème de données, on espère qu'elles arriveront...Sinon nous mettrons nos mémoires à l'épreuve ..."
T2263670-coverage,2263670,period,,clock,,,Assume counting throughout the recorded interval.,"Pluie de 7h10 à 8h, Cimetière jusqu&#039;à 9h, nuages puis de plus en plus de ciel bleu dans la journée","Un jour que l'on n'attendait plus ! Après un coup de pluie et une absence de Cormorans le matin, la journée (ou la saison?) finit enfin par se lancer ! Des pompes de Bondrées régulières dans le ciel ! Nous avons même eu de la diversité, et le plus beau rapace (migrateur) de France ! Cette belle journée se clôturera avec un groupe de 5 Hérons cendrés et 5 Grandes aigrettes overhead pendant le repas ! Et merci à Margaux pour son passage, bon retour et à bientôt !"
T2265684-coverage,2265684,period,,clock,,,"Continuous counting; swallows too numerous to enumerate, not a survey interruption.",Couvert en grande majorité,"Nous attendions le rush, nous le sentions...la matinée démarre doucement, peu de cormorans, quelques rapaces au compte-goutte...quand soudain...Badaboum !! Le ciel entier rempli de Bondrées, parfois sur plusieurs fronts, avec un peu de tout au milieu ! ENFIN !!! Plus de 1000 Bondrées en quelques minutes, puis des surprises, quelques limis, cigognes etc.. Un passage d'hirondelles continu impossible à compter malheureusement ...En fin de journée, encore quelques groupes de bondrées qui poussent jusqu'à la dernière minute, demain, ça va passer !Une journée qui fait plaisir, vive la migre, vive l'écluse, vive les bondrées, vive la pluie !!"
T2269943-coverage,2269943,period,,clock,,,Short empty counting session; assume active observation with zero detections.,,
T2270393-coverage,2270393,period,,clock,,,Assume counting throughout the recorded interval.,"Grand beau, trois pov&#039; cumulus en fin d&#039;aprem, cimetière jusqu'à 9h",Il y a rarement eu autant d'observateurs pour si peu d'oiseaux au Défilé ! Merci  tous pour votre compagnie et votre persévérance ! Un beau mâle de cendré en soirée rattrape la journée!
T2270406-coverage,2270406,period,,clock,,,Assume counting throughout the recorded interval.,,
T2270407-coverage,2270407,period,,clock,,,Assume counting throughout the recorded interval.,,
T2270408-coverage,2270408,period,,clock,,,Assume counting throughout the recorded interval.,,
T2270411-coverage,2270411,period,,clock,,,Assume counting throughout the recorded interval.,,
T2270413-coverage,2270413,period,,clock,,,Assume counting throughout the recorded interval.,,
T2281354-coverage,2281354,period,,clock,,,Assume counting throughout the recorded interval.,"Grand bleu et vent de nord est faible, brouillard sur le rhone => spot cimetière jusqu&#039;à 9h40","Le retour du grand bleu et nos yeux abimés, de bonnes conditions tout de même pour la migre mais étrangement toujours peu d'oiseaux, ""calm but cool"" . La bise nous permet de bien entendre le brame en fin de journée, sympa !Good job Jill for the storks ! Very good eyes!"
T2288478-coverage,2288478,period,,clock,,,Assume counting throughout the recorded interval.,"Averses toute la journée, gros blocage météo au nord et vent de sud , spot cimetière jusqu'à 9h","Le blocage météo se poursuit et s'intensifie, quelques roseaux en déperdition dans.la sphère ne sachant où passer, des milans qui mettent 3h a faire 100m à cause du vent de Sud et une mention spéciale pour ce premier pipit farlouse passé tout seul sous la.pluie au dessus du spot ! Fin du spot à 17h30 because of the weather."
I20221001-01,2293062,interval,2022-10-01T11:00:00+02:00/2022-10-01T19:48:00+02:00,bounded,,true,Rain arrived and counting stopped at the end of the session; end bounded by dusk (remark).,"couvert, pluie imminente aïe aïe aïe ","Beau de passage de grives bravant le vent de sud, puis le vent de sud se renforce et la pluie arrive. Arrêt du comptage.Merci à Louis pour son aide durant ces 3 semaines, a très vite !"
T2293062-coverage,2293062,period,,clock,,,Counting stopped at the header endpoint; missed hours outside it do not make this session partial.,"couvert, pluie imminente aïe aïe aïe ","Beau de passage de grives bravant le vent de sud, puis le vent de sud se renforce et la pluie arrive. Arrêt du comptage.Merci à Louis pour son aide durant ces 3 semaines, a très vite !"
T2312417-coverage,2312417,period,,clock,,,Assume counting throughout the recorded interval.,"Vent NE faible, Brouillard toute la matinée et forte nébulosité dans l'après-midi, Spot cimetière jusqu'à 11h","Stratus le matin, qui se dissipera en fin de matinée. L'après-midi chaude et ensoleillée verra passer tout de même quelques oiseaux, dans une ambiance sympa.Belle observation d'un nouveau jeune Pygargue à queue blanche issu du programme de réintroduction aux bords du Léman, baptisé ""Haute-Savoie"", le majestueux rapace s'est laissé observé par tout le monde, occasionnant quelques coches, avant de disparaitre direction le Mont Sion !Merci à Mathilde pour son passage ici, à bientôt !Merci également à Claudette et Sylvain pour leur aide et gentillesse durant ces quelques jours passés ici, au plaisir de vous revoir !Arvi !"
I20221109-01,2331021,day,2022-11-09T00:00:00+01:00/2022-11-10T00:00:00+01:00,day,,true,No counting on 9 November after two days of rain and fog (next-day remark).,," Le retour tant attendu de la bise ! Juste après deux jours de pluie/brouillard (d'où le non-comptage d'hier) = Petite relance chez les Buses et Milans ! Quelques petits vols réguliers de Grues, Harles et même ces deux Cigognes blanches un peu tardives, mais on prend c'est un nouveau record !"
T2331021-coverage,2331021,period,,clock,,,Assume counting throughout the recorded interval.,," Le retour tant attendu de la bise ! Juste après deux jours de pluie/brouillard (d'où le non-comptage d'hier) = Petite relance chez les Buses et Milans ! Quelques petits vols réguliers de Grues, Harles et même ces deux Cigognes blanches un peu tardives, mais on prend c'est un nouveau record !"
I20230715-01,2443200,interval,2023-07-15T11:32:00+02:00/2023-07-15T14:23:00+02:00,bounded,,,"Counting stopped at midday for logistics (weather field); no survey, end bounded.",Vent SO faible en début de matinée (5-10 km/h) forcissant par la suite à 20-30 km/h. Ciel entièrement dégagé. Arrêt en milieu de journée pour raisons logistiques.,"Début de saison au Défilé de l'Ecluse. Et ça démarre joliment avec quelques groupes de martinets sur les crêtes du Jura dans la lumière matinale, suivis des premiers cormorans et Milans noirs.Bonnes observations tout le monde :)"
T2443200-coverage,2443200,period,,clock,,,Counting stopped at the header endpoint; missed hours outside it do not make this session partial.,Vent SO faible en début de matinée (5-10 km/h) forcissant par la suite à 20-30 km/h. Ciel entièrement dégagé. Arrêt en milieu de journée pour raisons logistiques.,"Début de saison au Défilé de l'Ecluse. Et ça démarre joliment avec quelques groupes de martinets sur les crêtes du Jura dans la lumière matinale, suivis des premiers cormorans et Milans noirs.Bonnes observations tout le monde :)"
T2449841-coverage,2449841,period,,clock,,,Assume counting throughout the recorded interval.,"Du début de session jusqu'à 10h30, vent O 10-20 km/h sans précipitations, ciel couvert (5/8), puis à partir de 10h30 et jusqu'à 16h30, pluie quasiment continue, parfois soutenue, ciel entièrement couvert (8/8). Après 16h30, arrêt de la pluie et le vent tourne N, le ciel se dégage rapidement (2/8 vers 18h)","Une journée qui commence avec les premiers Courlis cendrés de la saison. En milieu de matinée, le temps se gâte mais un petit vol de Chevaliers sylvains passera entre les gouttes. Très peu de passage autrement durant la fin de matinée et le début d'après-midi. Vers 16h30, gros changement de météo qui nous amène rapidement quelques vols de Milans noirs. En soirée, un beau vol de hérons viendra clore la journée en beauté. Et comme dirait Paulo : ""Demain, c'est rush !"" ^^"
T2465672-coverage,2465672,period,,clock,,,Assume counting throughout the recorded interval.,"Vent O 10-30 km/h. En début de session nébulosité 8/8, pas de précipitations. Pluie à partir de 9h30, assez forte jusqu'à 12h30. A partir de 12h30-13h, arrêt de la pluie, le ciel se dégage petit à petit, nébulosité 6/8 dans l'après-midi.",
T2490947-coverage,2490947,period,,clock,,,Assume counting throughout the recorded interval.,"En début de session, vent quasi nul, brouillard, nébulosité 2/8, comptage depuis le village jusqu&#039;à 9h. A partir de 10-11h, vent de SO forcissant dans l&#039;après-midi 20-30 km/h, nébulosité augmentant à 6/8 en fin de journée.",
T2495799-coverage,2495799,period,,clock,,,Assume counting throughout the recorded interval.,"Spot dans le brouillard le matin, observations depuis le village jusqu'à 9h45. Nébulosité 1/8. Vent N 5-10 km/h.",
T2497003-coverage,2497003,period,,clock,,,Assume counting throughout the recorded interval.,"Vent N 5 km/h. Nébulosité 1/8. Brouillard le matin, observations depuis le village jusqu'à 9h30.",
T2498383-coverage,2498383,period,,clock,,,Assume counting throughout the recorded interval.,"Vent N 5-10 km/h. Brouillard en début de session, observations depuis le village jusqu'à 10h. Nébulosité 1/8 en début de session et augmentant en cours de journée jusqu'à 6-7/8 en fin de session (cirrus)",
T2499522-coverage,2499522,period,,clock,,,Assume counting throughout the recorded interval.,"Vent quasi nul le matin, brouillard sur le spot, observations depuis le village jusqu'à 9h30. A partir de 10h, vent N 5-10 km/h, nébulosité 1-2/8.",
T2505175-coverage,2505175,period,,clock,,,Assume counting throughout the recorded interval.,"Vent quasi nul en début de session, brouillard, observations depuis le village jusqu'à 9h. Vent NE 5-10 km/h en fin de matinée puis vent O à SO dans l'après-midi forcissant en fin de journée à 15-20 km/h. Nébulosité 4-5/8. Mauvaise visibilité (la Dôle parfois invisible derrière la brume)",
T2508569-coverage,2508569,period,,clock,,,Assume counting throughout the recorded interval.,"Vent quasi nul en début de session, spot dans le brouillard, observations depuis le village jusqu'à 10h30, nébulosité 2-3/8. A partir de la fin de matinée, vent NE 5 km/h.",
T2511305-coverage,2511305,period,,clock,,,Assume counting throughout the recorded interval.,"Vent NE 5-15 km/h. Brouillard le matin, observations depuis le village jusqu'à 9h30. Nébulosité 0/8 toute la journée.",
T2514630-coverage,2514630,period,,clock,,,Assume counting throughout the recorded interval.,"Vent très faible toute la journée. Brouillard le matin, observations depuis le village jusqu'à 9h. Nébulosité 1-2/8.",Nouveau record saisonnier pour le Pigeon colombin.
T2540818-coverage,2540818,period,,clock,,,Assume counting throughout the recorded interval.,"Le matin vent très faible, nébulosité 7/8, brouillard jusqu'à 10h30 et observations depuis le cimetière. Vent SO 10-20 km/h en début d'après-midi puis pluie forte à partir de 14h3 et jusqu'à 16h45.",
T2778373-coverage,2778373,period,,clock,,,Assume counting throughout the recorded interval.,"Stratus sur le Rhône jusqu'à 7h30. Par la suite cumulus bien présent toute la journée, quelques cirrus l'a-m. Vent NE dominant (5-15 km/h). 19 - 30°C","Une plutôt bonne journée côté Milans. Quelques jolis flux en fin de matinée puis de nouveau en milieu d'après midi. En espérant que ça pousse encore demain ! Au fait, nous avions oublié de décrire une fantastique Obs de ce jeudi; à l'ombre entre deux bosquets de chênes, dans les alentours de 16h, le fameux miaouw sauvage a fait son apparition ! Cette femelle s'est arrêtée pour 1 minute nous offrant un très beau souvenir !"
T2792706-coverage,2792706,period,,clock,,,"HP concerns individual observations or taxon scope, not an interruption of the survey.","Stratus épais sur le Rhône jusqu'à 9h. Cirrus jusqu'au soir par la suite (4/8 en moyenne). Faible vent de secteur est le matin, puis ouest l'a-m (5-20km/h). 13-28°C","Quelle spectacle ce matin ! Dès notre arrivée sur spot, des très beaux groupes de cormorans apparaissent dans la sphère, allant jusqu'à 200 répartis un peu partout au dessus du Rhône. Pas évident de compter les groupes puisqu'ils se séparent, font demi-tour puis finir par passer par petites vagues... mais finalement le total est plutôt élevé ! Une fois de plus les rapaces sont très discrets aujourd'hui... Les hérons cendrés, qui étaient très peu à passer depuis une semaine, nous ont offert l'observation de la journée ! Dans les alentours de 9h, de nombreux vols sont descendus se poser sur l'Etournel. C'est en toute fin de spot que leurs puissants cris retentirent pour passer en jolis groupes, la fin de journée rêvée :) Un peu plus tard, pendant l'apéritif, excellente surprise puisque 9 sarcelles d'été passent dans les toutes dernières lueurs du jours, hors protocole mais quelle obs !"
T2793431-coverage,2793431,period,,clock,,,"HP concerns individual observations or taxon scope, not an interruption of the survey.","Stratus sur le Rhône jusqu'à 7h30. Quelques cirrus toute la journée. Léger vent de secteur Ouest jusqu'en début d'a-m, vent de sud l'a-m (10-25km/h). 14-30°C","Pas de gros chiffres aujourd'hui au défilé... Garance s'en va la tête haute sur un air de ""pointe de Grave 2026"", merci pour ton aide et à bientôt ! Peu d'oiseaux mais de chouettes moments avec ce balbu, ces busards des roseaux et ces cigognes noires :) Alors que les cigognes passent overhead, un laridé passe dans le défilé, de dessus et de dessous, tous les critères collent : c'est un goéland argenté (finalement local) !!! Première donnée du site pour une observation très pédagogique ! Pour finir la journée, un joli vol de bergeronnettes printanières passe sur fond de Jura, très sympa :) Et le classique vol de héron... hors protocole !"
T2796729-coverage,2796729,period,,clock,,,Assume counting throughout the recorded interval.,"Stratus épais sur le Rhône jusqu'à 9h. Stratocumulus couvrant toute la sphère durant la matin. Puis laissant petit à petit place aux cumulus, et à toute la couverture (tous les nuages concernés). Ciel très ouvert en fin de soirée. La bise s'installe dans les alentours de 10h, 10-30km/h pour la journée. 12-21°C","Quelle belle journée ! Après les premières heures au cimetière plutôt calmes, le retour sur spot marque aussi et surtout le retour de la Bise ! Par où commencer... assurément par cette hermine qui passe en sautillant non loin le long d'une haie ! Puis les bondrées s'élancent, enfin :) ! Des jolis groupes réguliers ponctués de milans noirs, un grand merci à l'équipe présente aujourd'hui pour toutes ces détections complexes ! Parlons maintenant des cigognes, quelle journée !! Les groupes s'enchaînent toujours plus nombreux pour le régal de nos petits yeux.Les bondrées et milans finissent de passer à 20h, quelle motivation ! Enfin pour finir cette journée en beauté, c'est au tour du héron pourpré de se montrer en dessous de ses camarades cendrés :)"
T2799827-coverage,2799827,period,,clock,,,"HP concerns individual observations or taxon scope, not an interruption of the survey.","Stratus sur le Rhône jusqu'à 9h. Rares cumulus et cirrocumulus, grand bleu. Légère bise (5-10km/h), puis vent de sud en fin d'a-m. 15-30°C.","Ça bouillonne chez les cormorans, des très beaux groupes s'élancent vers la vuache !Un balbu par ci, un busard par là... ça régale les mirettes ! Mais les ardeidés messieurs dames, quelle soirée ! Des vols de hérons partout ponctués de grandes aigrettes, un pur régale !Que dire de ce héron hors protocole, qui, dans un cri strident, engloutis un campagnol sans vergogne."
T2813446-coverage,2813446,period,,clock,,,Assume counting throughout the recorded interval.,Vent de Sud puis Ouest. Pluie toute la matinée puis arrêt à 14h45. Nimbostratus toute la journée. 14-17°C.,"Journée qui a commencé sous la pluie et l'absence d'oiseaux... puis soudain l'accalmie de 15h permet une ouverture et le ballet est ouvert par deux magnifiques Balbuzards, qui passent tranquillement au travers des gouttes. Enfin, quelques busards des roseaux et des bondrées apivores nous amènent le soleil. Tout à coup, dans une lumière digne d'un film de Percy Jackson, une groupe de 84 cigognes blanches concentre toute l'attention dans la sphère. Silence complet, seuls les onomatopées d'émerveillement accompagnent leur passage. Ce moment de poésie clôturera la journée qui se termine comme toujours par les légendaires hérons cendrés."
T2815491-coverage,2815491,period,,clock,,,Assume counting throughout the recorded interval.,Vent Bise de faible intensité. Cumulus et cirrus toute la journée avec une bonne couverture nuageuse. 11-22°C,"La journée tant attendue qui commence au cimetière pour cause de Stratus sur le Rhône. Quelques cormorans mais peu de passage, l'équipe est triste. Le soleil darde ses rayons et chasse les stratus libérant le spot principal d'une vue imprenable sur le ciel bleu. Une belle équipe nous attend et c'est le début d'une belle journée ! Pompe de balbuzard, clin d'œil au S, busards, bondrées, buses, milans... Pleins de passages partout ! Des vols mixtes tels que cigognes noirs avec busards et bondrées, guêpiers survolés par un malade (mâle ad) de busard des roseaux. Record de boule de cigognes du haut de 287, ça claque de l'aile ! Une bien belle journée avec une belle équipe et que dire de Annick qui nous apporte une magnifique tarte au pommes lors de sa première venue sur le site après 29 ans d'adhésion à la LPO ! Le défilé c'est aussi le bonheur de voir des hirondelles sur un fil et s'envoler au dessus de nous en criant, c'est de discuter avec Annick de l'importance de prendre le temps d'observer la nature et enfin d'entendre Meryl de CM2 s'émerveiller devant notre crécerelle locale. C'est ça aussi la magie du Défilé de l'Écluse, viva la migracion !"
T2817638-coverage,2817638,period,,clock,,,Assume counting throughout the recorded interval.,Vent de Nord puis Sud. Couverture nuageuse moyenne puis faible. Cirrus et alto-stratus. 14-24°C,"On commence fort avec des cormorans pressés dès le début de la journée. Plusieurs groupes de centaines d'individus parcourent la sphère sur fond de stratus, un régal ! Certains sont assez haut dans le ciel tandis que d'autres apparaissent en sortant des stratus sur le Rhône. On descend du cimetière pour le spot principal avec une belle équipe motivée en quête d'apprentissage. Pas mal d'oiseaux sont formateurs, on accentue le regard sur les critères et ça détails ! Une belle journée dans l'ensemble avec quelques hérons pour clôre la journée."
T2852165-coverage,2852165,period,,clock,,true,Rain and wind all day; no counting possible (remark).,Hors protocole,"Pluie et vent toute la journée, on reste au chaud pour des parties de The Game, ça crée un site internet pour Leucate, une bataille de carottes éclate dans la soirée… Nous n'avons pas touché au Kouin-Amann par peur de représailles de notre Guéno parti au resto ! Hors protocole"
T2857192-coverage,2857192,period,,clock,,,Assume counting throughout the recorded interval.,Pas de stratus sur le Rhône. Stratocmulus le matin laissant apparaitre de plus en plus d'altocmulus. Voile épais de cirrostratus par la suite qui finit par redescendre en stratocumulus en fin de journée. Bise constante (10-20 km/h) sauf en toute de fin de journée. 5-11°C,"Mais quelle journée ! Un véritable cadeau de dame nature, un régal constant, l'extase oculaire ! Le rush tant attendu est bien arrivé, et il était bien meilleur que dans toutes nos espérances :) Toutes les espèces phares du défilé étaient au rendez-vous, et pas qu'à moitié ! Le matin, des groupes incessants de cormorans sillonnent la sphère de toute part, pas d'effectifs énormes dans les groupes mais ça ne s'arrête jamais !! Dans les alentours de 10h45 les crécerelles apparaissent de plus en plus, 1 puis 2 puis 3 puis des groupes lâches de partout, c'est indécent, c'est signé l'écluse ! Ce sont 300 crécerelles qui passeront en moins de 2 heures, 504 en tout pour le second record journalier du site. Les milans royaux, qui tardent à se lancer réellement, finissent par débouler sans vergogne. Tout l'après-midi, il passent en jolis flux mixtes avec les buses et quelques busards des roseaux... et même une sterne pierregarin ! Dans un premier temps dans le défilé, puis loin et bas côté Salève en fin de journée. Un bel effectif au vu de la date :) Les colombins ont aussi été de la partie, des groupes de 20-30 individus filent à toute vitesse tout l'après-midi ! Nous finirons par les hérons qui, par de nombreux petits groupes, atteindrons le meilleur effectif journalier de la saison. Quelle belle récompense après un semaine compliquée... la tradition oblige : VIVA L'ECLUSE !!!!!!"
T2864915-coverage,2864915,period,,clock,,,Counting described as difficult but possible; no interruption.,Pas de stratus sur le Rhône. Vent tournant de NE à SE tout au long de la journée (5-10km/h). Bonne couverture nuageuse avec Stratocumulus et cumulus. Puis Altostratus et cirrostratus en AM. 7-10°C,"C'est rush… ou pas ! Ca démarre fort et très tôt, l'équipe est prête mais la difficulté est omniprésente. Les piaffs gloups et dégloups en permanence, le comptage est difficile pour dénombrer et suivre mais pas impossible. Toujours over head et à des distances folles, nos cervicales sont heureuses ! Une très belle matinée en perspective mais avec une petite diversité comparé aux autres jours. L'AM reste très tranquille avec des passages de rapaces très discret. Le soir, les hérons sont attendus pour le record, quelques-uns migrent… mais pas assez !Héron - 8.Message du S : Demain, c'est rush. Après-demain, c'est rush !"
I20241008-01,2877715,interval,2024-10-08T07:44:00+02:00/2024-10-08T13:45:00+02:00,bounded,,true,No counting before 13:45 because of rain (remark).,Pas de stratus sur le Rhône. Vent de SSO (5-15km/h). Pluie jusqu'à 14h30. Cumulus et Nimbostratus. Puis se découvre sur la fin de journée. 11-12°C,Pas de spot avant 13h45 pour raison de pluie. Quelques hirondelles et busards passeront en fin de journée comme ces 11 hérons en HP. Une courte journée reposante.
T2885819-coverage,2885819,period,,clock,,,Assume counting throughout the recorded interval.,Stratus sur le Rhône jusqu'à 11h. Stratocumus et stratus (8/8). Nimbostratus l'a-m. Pluie par intermittence de 13h à la fin. Très léger vent tournant. 5-14°C,"Il faut bien se reposer les cervicales de temps en temps. Le brouillard sur le Rhône est de retour, le spot depuis le cimetière le matin également. Les dortoirs de milans se lèvent tôt pour passer très bas. Quelques grives, des bergeronnettes... des jolis vols mixtes d'ardeidés, c'est plutôt chouette ! Un vol d'anatidés est annoncé au loin, des canards pilets !! Petite pensée pour notre ami Gabi qui compte des centaines de milliers d'anatidés en Estonie :) La suite est plutôt tranquille avec tout de même des crécerelles et des éperviers relativement proches jusqu'à ce que ce ne soit pas un faucon... mais un coucou !! Très belle donnée bien tardive. Voir un martinet pâle sur ce spot nous faisait rêver, on aurait préféré qu'il passe sans faire d'histoires mais tant pis, c'est déjà ça !"
T2903137-coverage,2903137,period,,clock,,,Assume counting throughout the recorded interval.,Stratus sur le Rhône jusqu'à 13h00. Brouillard épais pendant toute la matinée puis se fait pousser vers l'Est. Cirus en AM. Vent tournant S à N à S. 5-15km/h. 7-17°C,"Journée stratus pour changer. Même le cimetière était sous les nuages, alors montons à Tire-Cul ! Au-dessus de cette mer blanche, passereaux, rapaces et vulcains (vulcaing pour les intimes ;))  sont de la partie ! Tellement de la partie que c'est un record monstrueusement dépassé pour nos amis à écailles ! De très belles densités de rapaces s'activent lorsque les stratus s'en vont vers l'Est poussés par le vent. Beaucoup de passage côté Salève pour les rapaces, de très beaux groupes et flux en vol mixte.Citation du S : ""Jean Petit gris qui dance"""
T2919327-coverage,2919327,period,,clock,,true,"Low, dense stratus all day; no counting possible (weather, remark).",Stratus bas et très dense toute la journée. Vent de secteur N (5-10km/h). 7-15°C,"Startine sur la tronche toute la journée, après une rapide petite balade en voiture sur les trois spots possibles. Et oui, on peut flex puisque nous avons 3 spots en fonction de la météo. Ca repart au lit tranquillement et s'ensuit une journée détente, travail et blabla.A voir les prochains jours mais ça s'annonce du même acabit."
T3085850-coverage,3085850,period,,clock,,,"Both observers at the lodging around the midday handover; times unknown, kept as counted.",,"Hier, pour le premier jour de suivi, le T et le Pierrot spottaient ensemble toute la journée. Mais à partir d'aujourd'hui, le duo se sépare en 2 les journées (jusqu'à ce que le passage forcisse). C'est par une observation de chevreuil que cette journée démarre tout doucement. Le vent tournicote est est quasi nul ce matin. Il fait beau, les milans peinent à se lever et il n'y a pas encore de migrateur à l'horizon. Soudain un groupe de mouettes arrive, bien en hauteur traçant vers le Sud. Peu de temps après, une silhouette de limicole file au dessus du Salève, un courlis corlieu bien en avance sur sa route migratoire de retour. Rapidement, le temps se gatte. La pluie et le vent arrivent sur le spot et le parasol s'enfuit du campement d'un vif bond. Le temps d'une accalmie, un joli groupe de martinets s'élance à travers la pluie. A midi, l'orage est tellement intense que le Pierrot a le temps de rentrer au logement manger avec le T. Après quoi, le T s'en va spotter. Et quelle belle surprise que de voir tous ces martinets sous la pluie ou entre les orages ! 7ème record journalier du site pour cette espèce. Des groupes parfois très conséquents inondent le ciel, parfois plus que la pluie :) Les hérons cendrés ne se font pas discrets non plus. Un groupe de 8 passe même fond arc-en-ciel, la classe à Dallas ! "
T3087192-coverage,3087192,period,,clock,,,Assume counting throughout the recorded interval.,,"Mais what a day my friends ! Départ en folie avec les ardéidés. 4 pourprés un 23 juillet, mais que se passe-t-il ?! Petit appel téléphonique du T en fin de matinée pour annoncer l'arrivée de milans sur le spot. Le Pierrot déboule dans la foulée. Mais bon, comme à chaque fois qu'on appelle du renfort, plus rien à l'arrivée du Pierrot... Mais une belle relance du flux malgré tout une demi heure après. Jolie pompe mixte de cigognes noires accompagnées par des milans, les premières de la saison, qui passent sur le Jura ! Le passage se calme rapidement pour laisser place à un moment d'apaisement. Jusqu'à ce que la première goutte tombe sur le bout de nos nez, ce qui est toujours bon présage pour les martoches. A peine 5 minutes plus tard, les martinets sont lancés et ne s'arrêteront plus avant la nuit. Plus de 18 000 martinets, de la folie ! 2ème record journalier du site, c'est pas rien :)"
T3096768-coverage,3096768,period,,clock,,,"HP concerns individual observations or taxon scope, not an interruption of the survey.",,"Chaud, chaud, chaud, merci les copains pour la pizza sous les hérons ;) que dire de cette pompe de milan noirs à 21h10 complètement hors protocole qui passe le vuache vers 21h20 ambiance folle à ce moment là ! "
T3108136-coverage,3108136,period,,clock,,,Assume counting throughout the recorded interval.,,"Une journée sympa remplie de bénévoles ! Enfin un peu de bondrées, on en avait marre d'en voir passer sur tous les autres spots :) Réveil brumeux qui débute au Cimetière. Vers 12 h ça se lance enfin un peu. Mais une belle diversité se fait ressentir en fin d'aprem. Notamment un vol de 4 busards des roseaux. La soirée se termine avec des pompes de bondrées et de milans. Mais surtout avec la fête d'anniversaire de notre chère bénévole Christine ! "
T3113673-coverage,3113673,period,,clock,,,Later counts support continued observation; interpret the early-ending remark as passage/observer context.,,"Promis c'est pas des blagues ce comptage ! Quelle folie de spotter sous le soleil et les altostratus à observer les rares migrateurs... A croire que les oiseaux nous lorgnent à crever... Ou à passer autre part. Même les cormorans se sont montrés timides, pourtant Christine était pas arrivée tard ! Une aprem bien longue ! Plus d'eau, mayday mayday ! Pierrot a oublié de récupérer le bidon d'eau dans la voiture du T. Donc on boit le thé chaud sous la chaleur, sans vent pour nous rafraîchir... Belle obs de l élanion puis fin de la journée vers 3 heures moins de quart. Malgré tout un petit kobez en chasse plongera sur le Vuache pour égailler le milieu d aprem. Terminé bonsoir ! "
T3115501-coverage,3115501,period,,clock,,,Assume counting throughout the recorded interval.,,"Un joli duo de bondrée/busard qui n'a pas fait la grasse mat' passera assez tôt en vol battu, en début de matinée. Quelques groupes d'hirondelles bien décidées fileront en direction de la pluie avant l'averse. Encore une aprem à guetter le vide intersidérapace... Merci aux rustiques d'avoir sauvé l'honneur ! Sans oublier ce beau groupe de corlieux :) D'ailleurs, il faut le souligner, on fait une saison de malade pour cette espèce ! Merci au temps gâteux de les faire descendre en altitude ! Allez demain c'est flotte, vous attendez pas à grand chose. Quoique, rush bondrée sous la flotte ?! Non faut qu'on arrête d'espérer, on va encore finir déçus..."
T3122749-coverage,3122749,period,,clock,,,"Rain until mid-morning, about 4 h waiting in the car in the afternoon rain, away around 18:30 and back; times unknown, kept as counted.",,"Front pluvieux bloquant toute tentative de migration, jusqu'en milieu de matinée. Bon sang, ça grouille dans les buissons ! Tombée de gobemouches, fauvettes et pouillots probablement due à l'arrivée de la pluie au milieu de la nuit. En effet le radar à piafs de Sempach en Suisse était surmené pour le début du suivi nocturne. Quatre gobemouches noirs passeront assez haut dans le ciel, repérés par leurs cris de contact. Il faudra attendre onze heures avant que les hirondelles et les rapaces emboîtent le pas. Une aprem pluvieuse à souhait. Le T passera 4h dans sa caisse à attendre que la pluie s'arrête. 18h30, le radar pluie annonce grosse drache jusqu'au soir, alors le T remonte au logement. Le temps d'une douche, le T regarde par la fenêtre du logement. Mais c'est pas vrai il fait grand beau dehors ! Le T saute dans la caisse et oublie même le tél pro. Arrivé sur spot avec un magnifique arc-en-ciel, 2 très beaux groupes de printas se laisseront admirer !"
T3131144-coverage,3131144,period,,clock,,,Assume counting throughout the recorded interval.,,"Une journée qui démarre bien tranquillement au cimetière. Une armée de 280 cormorans bien déterminée à passer le Vuache se scindera en deux avant de mettre le cap sur le château de Chaumont, et ce, dès le lever du jour. Les bondrées arrivées hier soir décollent de la réserve de l Etournel, et un flux diversifié se met en place. De nombreuses buses et éperviers bien en avance pour la période passeront toute la journée. Les piafs passent par petits paquets toute l'aprem, ce qui fait que personne ne s'ennuie. Et comment ne pas mieux clôturer ce spot avec une cinquantaine de guêpiers qui tournent tout proches pendant plusieurs minutes, ou alors avec tous ces rapaces tardifs passant dans les lumières rasantes, ou encore avec une centaine de hérons ?! La question se pose !"
T3156138-coverage,3156138,period,,clock,,,"HP concerns individual observations or taxon scope, not an interruption of the survey.",,"Une journée qui démarre au cimetière, au milieu des travaux, pour échapper au brouillard... Réveil en douceur avec l'agriculteur hurlant sur son fiston et la pelleteuse qui fait des manœuvres a 2 mètres de ma chaise ! Il faudra attendre les rapaces de fin de matinée, pas grand chose à se mettre sous la dent sinon. Ça passera bas, malgré le vent très calme, c'est bloqué à plus de 1000m où le vent de Sud fait rage. Encore une journée pédagogique me direz vous. Des dizaines de milliers d'hirondelles hors protocole toute la journée, elles deviennent enfin visible aux jumelles et parfois à l'œil en fin de soirée !"
T3162749-coverage,3162749,period,,clock,,,"HP concerns individual observations or taxon scope, not an interruption of the survey.",,Une journée de spot ma foi bien diversifiée ! Des milliers et des milliers d'hirondelles de fenêtres HP qui passent au dessus du Jura (on a pas envie de savoir combien exactement mais peut être que ça se compte en centaine de milliers qui sait ?!). Les Milans royaux et les buses variables ont définitivement remplacé les Milans noirs et les bondrées. Winter is coming.
T3168470-coverage,3168470,period,,clock,,,Assume counting throughout the recorded interval.,,"La journée s'annonce longue et fraîche, midi se passe à raconter des blagues. 13h sonne la fin de la récré. Et ça avoine sec pendant 3 heures. Comme quoi les blocages ça bloque pas toujours :) 201 crécerelles bordel, 4ème record du site !!! De temps en temps le flux passait très proche, de quoi détailler plus souvent qu'à l'accoutumée. En milieu d'aprem le vent revient à la charge. Mais les crécerelles déboulent, s'arrête devant nous, chassent un coup, puis repartent. A tel point qu'on a eu jusqu'à 8 crécerelles en vol du Saint-Esprit dans la prairie devant nous ! Vive le vent de Sud ! Yippi !"
T3170814-coverage,3170814,period,,clock,,,Assume counting throughout the recorded interval.,,"Lorsque les astres s'alignent. Le Défilé se régale. Non mais bordel ! 39 000 fenêtres ! Des rapaces dans TOUS les sens ! Un lever de dortoir en trompette dès le lever de soleil pour les crécerelles, qui se seront malheureusement bien calmés l'aprem... Les effectifs de Milans royaux et Buses variables grimpent de plus en plus, le mois d'octobre arrive bientôt ! On espère que les oiseaux ne vont pas s'arrêter de passer dans les prochains jours :)Quelle joie de voir furtivement passer un aigle autre qu'un aigle royal ! Commentaire assez court au vu de la journée mais le lit nous appelle pour une bonne nuit de sommeil !"
T3172487-coverage,3172487,period,,clock,,,Assume counting throughout the recorded interval.,,"Matinée bien tranquille rythmée par le passage de quelques cormorans. Les rapaces tarderont à passer, mais une fois lancés ça ne s'arrêtera qu'en fin d'aprem ! Les hirondelles de fenêtre nous auront fait faux bon... En milieu d'aprem les rapaces sont passés bien loin côté Salève, des minis puntos... Le soir, un crécerelle bagué aura même été observé posé ! Malheureusement, pas de lecture de bagué réalisée..."
T3193462-coverage,3193462,period,,clock,,,Assume counting throughout the recorded interval.,,"C'est parti pour 4 jours de spot en solo pour le T ! Après une heure de spot à guetter les 4-5 cormos et 2-3 passereaux batailler pour passer, le brouillard ne se montre pas trop timide. Tellement enthousiaste qu'il faut aller spotter pendant 1h30 au cimetière... De retour sur spot, c'est vers 11 heures que les 1ers Médiums Raptors daigneront passer. Vers 13h, c'est la demi-heure de folie pour les rapaces, ça passe de partout ! Mais tout va bien, ça se calme bien vite... Un pèlerin au teint bien blanchâtre nous passe overhead, fuyant le Nord. Un ssp. caudatus ? On aurait bien dit ! Un plus petit faucon foulera le spot, un jeune kobez (merci Lutz pour la détec) ! Bref, une journée pas si dégueu au vu du weekend :) C'est parti pour 10 jours de vent de bise, on verra si ça ramène du piaf !"
T3213192-coverage,3213192,period,,clock,,,Assume counting throughout the recorded interval.,,"Ce matin, les pigeons nous ont encore fait tout un spectacle ! Plus de 60 000 pigeons, quasi tout dans la matinée ! Ce matin on comptait les pigeons, puis nous pensions aux pigeons dans l'aprem. Cette nuit, nous allons rêver pigeons. Peut être que demain nous penserons pigeons. Et après demain nous nous réveillerons et nous envolerons pigeons ! Quelques petites surprises au milieu de tous ces pigeons, comme cette bécassine, ces 2 pilets. Ou encore un busard pâle (PS : on arrête de les mettre en gras). Bref, comme d'hab, on s'amuse bien par ici !"
T3221751-coverage,3221751,period,,clock,,,"Morning spent indoors waiting for the rain to ease, counting from early afternoon; times unknown, kept as counted.",,"Matinée hors protocole. On attend au chaud que le temps soit clément. Petite ouverture en début d'après midi, let's go la team déboule sur spot. Quelques milans et cormorans qui pompent sous la flotte, filant vent dans le bec. Flavie annonce des grues qui passeront à 17h. Mais que voilà!? Une ligne de grues arrive doucement vers 14h et peine à progresser dans ces conditions défavorables, ça bouine, virant de gauche à droite... Elles finiront par se poser sur la réserve de l'Etournel en face de nous. Elles repartiront finalement à 16:23 d'un élan bien déterminé accompagnées de 6 nouvelles grues. Merci Flavie pour les prévisions migration, et à demain pour le rush passereaux "
T3226328-coverage,3226328,period,,clock,,true,"Storm day, no counting possible (remark: first HP day of the season).",,"Première journée HP de la saison... P'tit tour sur spot quand même, sur la route il y avait un accident de voiture, des branches tous les sens.Grosse surprise : les toilettes sèches ont tenu le coup !!!"
I20251027-01,3232286,interval,2025-10-27T10:00:00+01:00/2025-10-27T17:30:00+01:00,clock,,true,"Heavy rain, HP from 10:00 to 17:30 (remark).",,"Tiens, v'là la pluie ! Et pas des moindres, quelle drache alors, on s'en souviendra ! On remerciera le coffre de la bagnole de Flavie et les toilettes sèches pour spotter sans que le froid et les gouttes n'agressent trop l'observation. Les passereaux en ont à revendre ! Quelle motivation ils ont eu de passer sous ce temps là ! On notera le passage d'un goéland brun, que seule la détermination portera ses ailes. HP de 10 heures à 17h30, faut pas abuser quand même. Les passereaux s'arrêtent net, pendant que la pluie se renforce en milieu de matinée. Demain il pleut pas, alors on espère que ça volera un peu plus :)"
T3244606-coverage,3244606,period,,clock,,,Assume counting throughout the recorded interval.,,"Encore du stratus sur le Rhône ce matin, ça spotte au cimetière. La fin de saison se fait sentir, 2 degrés ce matin et une accalmie du flux de migrateurs. La lumière est bonne donc on s'fait des quizz passereaux pour faire passer le temps jusqu'à l'arrivée des rapaces. Quelques belles enroulées de buses et de milans passeront parfois loin sur le Salève. Petite déception pour les ferrovipathes; les trains ne circulent plus pour raison de travaux de 10 à 15 heures..."
I20251108-01,3251347,interval,2025-11-08T07:27:00+01:00/2025-11-08T10:00:00+01:00,bounded,,true,"Fog, HP until 10:00 (remark).",,Blocage brouillard. HP jusqu'à 10h
T3261040-coverage,3261040,period,,clock,,true,Rain from sunrise; no counting possible (remark).,,aucun oiseau aujourd'hui pluie depuis le lever du soleil nous quittons le spot après avoir partagé un petit repas sympa sous la pluie.  Un grand merci a toutes et tous !! 
T3357873-coverage,3357873,period,,clock,,,Assume counting throughout the recorded interval.,beau temps ,"Toute belle journée à l'Ecluse. Après un début de matinée calme, dès 9h30 les premiers milans montraient le bout de leur bec. Ils n'ont pas arrêté de nous régaler tout le reste de la journée avec de beaux passages essentiellement au dessus de nos têtes (j'aime pas les anglicismes) Bref l'Ecluse c'est trop top......."
T3493008-coverage,3493008,period,,clock,,,Afternoon explicitly observed with no migrants; no interruption.,,"Une journée digne des plus belles du Défilé ! Notons un descriptif détaillé pour l'après-midi : Des ambiances de lumière aussi splendide que l'observation d'une feuille desséchée par cette fraîche journée. Derrière les jumelles, des dégradés du blanc au bleu aussi blanc que la lune et aussi bleu qu'un monticole. Et dans cette immensité bleu aussi digne que l'océan amenant au confins du monde, l'apparition extrêmement rare de cumulus ! D'un point de vue scientifique, des analyses comportement incroyable. Heureusement que nous avions les guides d'identification avec nous, ce fut une journée éprouvante où bon nombre de pages ont été tournée... ou pas. Tout ça pour dire que le T, cet après-midi, il n'a eu aucun oiseau migrateur. Une sacré belle journée dans une ciel bleu uniforme et dans un blanc laiteus bien horrible. Une joie ! J'espère qu'à Organbi, il n'y a pas eu de brouillard... Encore... Parce que nous, nous en serions heureux !"
I20260804-01,3496351,interval,2026-08-04T20:30:00+02:00/2026-08-04T21:02:00+02:00,bounded,,true,"Thunderstorm and heavy rain, HP from 20:30 to sunset (weather field).",AM : Stratus sur le Rhône jusqu'à 9h30. Couverture nuageuse 5/8 Cumulus et altostratus se découvrant vers 11h30. Léger vent SE à SSE.PM : Nébulosité haute 4/8 puis nébulosité basse 8/8 à partir de 18 h. Vent SE3. Gros orage et forte pluie en fin de journée. HP à partir de 20h30.,"Mis à part un peu de Milans entre midi et deux histoire de, y a pas à dire c'est pas folichon... Le soir les ambiances orageuses sont folles à souhait ! Le rideau de flotte ne tardera pas à se montrer, le spot est englouti sous le tumulte de cette Force de la nature ! N'y pouvant rien : HP de 20h30 au coucher du soleil."
T3499973-coverage,3499973,period,,clock,,,Assume counting throughout the recorded interval.,Couverture de 2/8 avec Cumulus à Stratocumulus. Visibilité moyenne à faible. Vent de S à SSE force 2. 31°C,"Réveille matin 6h00, j'me réveille comme une fleur, Pâquerette,j'me fait un p'tit check de sphère, ça va les piaffs ça s'pompe dessus ?Pas d'obs tant pis.Putain les piaffs abusés qui c'est qui s'est pas envolés ?Oh ça va, ça va tu ne les as pas observés ? Ben le T, t'es spotteurs ouais mais y a pas d'oiseaux ,oh !Prise de conscience 11h00, j'me défonce les yeux sur le Jura dans ce voile laiteux, quelques locaux me font remonter le temps oh putain merde des migrateurs ! T'es Milans noirs sont pas là ? T'as dû pas trop les voir ? Dans tout ce fond d'ciel uniformément bleu !J'ai la mémoire qui flanche et les yeux rouges et en plus, surprise ! Dans tes pattes ça bouge !Sur ce coup là man t'as été un spotteur, t'as saisie des oiseaux à une distance folle ! T'as du style, t'as du style, t'as du style hee mon frère, quand tu prends un coup d'soleil t'as les marques de bronzage des lanières ! Désolé pour cette journée d'avoir pas eu d'oiseaux,la tête dans la brume et dans les nuages, les gars désolé pour c'te journéeDésolé pour cette journée d'avoir pas eu d'oiseaux,promis demain y en a ! Aujourd'hui c'était la dernière ! Bon ben salut, on migreOiseau saisi 17h00 j'me provoque une migraine, j'ai des relents de Dalh, de lasagnes et de biscuits,T'as l'oeil qui part en vrille, y a des coins de sphère où se cache des oiseaux migrateurs,Fallait spot spot spotter mieux la journée manArrête les locaux tu deviens graveFallait spot spot spotter mieux la journée manArrête les locaux tu deviens graveMais je sais pas, rappelez moi, ça r'ssemble à quoi un migrateurBen, t'es grave hein ? T'as pété ton câble souviens toiHé ho, hé ho, un migrateur c'est comme un local, Faut une analyse comportementale,Hé ho, hé ho, faut le suivre jusqu'au bout quitte à perdre ses yeux c'est mieux que de se pendreDésolé pour cette journée d'avoir pas eu d'oiseaux,la tête dans la brume et dans les nuages, les gars désolé pour c'te journéeDésolé pour cette journée d'avoir pas eu d'oiseaux,promis demain y en a ! Aujourd'hui c'était la dernière ! Fallait spot spot spotter mieux la journée manArrête les locaux tu deviens graveFallait spot spot spotter mieux la journée manArrête les locaux tu deviens grave Me voilà fin prêt pour de nouvelles résolutionsUn esprit de sainteté sur un super parking blancMe voilà donc prêt j'me colle derrière mes jumelles et ma chaise de spotEt qu'on se migre dessusSi fou qu'on puisse à peine spotter le lendemainDans sa chaise de spot, dans sa chaise de spot on est bieeengA quoi bon check la sphèrePlus jamais j'vous jure, plus jamais comme hierHé le T !!Hé ho hé ho, qu'est-c'que tu fais avec ta longue-vue ?C'est la migre sur l'jura faut la mettre là-bas Hé ho hé ho allez le T bouge tes fesses T'as promis des données faut les trouver Et désolé pour cette journée si je n'ai pas d'oiseaux,Le T, c'est la canicule, les oiseaux ont chaud Désolé pour cette journée si je n'ai pas d'oiseaux,Après celle-là y aura des piaffs, c'est sûrement la dernière ! Fallait spot spot spotter mieux la journée manArrête les locaux tu deviens grave Fallait spot spot spotter mieux la journée manReprise de Tryo, Désolé pour hier soir.Réalisé par le T (mais lequel ?) après quelques neurones finement grillées par le soleil. Une bien belle journée !"
T3556929-coverage,3556929,period,,clock,,,Assume counting throughout the recorded interval.,"Stratus sur le Rhône, cimetière jusqu'à 9h00. Nébulosité haute avec Cirrostratus 8/8. 20°. Vent NE se renforçant en PM. ","Mais quel plaisir que de retrouver notre bonne vieille volaille de combat fraîchement débarquée du Léman ! Une bien belle journée sous une couche assez fine de nuage permettant la détection. Et cette fois-ci, il y avait du piafs ! Quelques identifications difficile comme ce st-martin à 4 doigts ou ce 2A de roseaux à contre-jour. Et sans parler de la volaille en fond d'végèt ! Sur ce, demain, c'est pas rush ! "
T3559064-coverage,3559064,period,,clock,,,Assume counting throughout the recorded interval.,Pas de stratus sur le Rhône. Nébulosité basse 5/8. Vent N2. 22 degrés.,"2 isards sur les pentes du Gabi... Ah non, mauvais spot ! 2 chamoix sur les pentes du Défilé. Des rapaces s'élancent vers 13h. Arrêtent de passer. Puis repartent pour le coup de 17 h. Ça fait plaisir de revoir ces pompes mixtes Buses/Milans royaux si caractéristiques du Défilé ! Winter is coming !"
T3577214-coverage,3577214,period,,clock,,,Assume counting throughout the recorded interval.,"Stratus sur le Rhône, cimetière jusqu'à 8h30. Vent NNE1. Nébulosité haute 3/8. 26 degrés.","Aujourd'hui encore les rapaces filent. C'est d'ailleurs étonnant au vu de ce vent très faible et cette quasi absente nébulosité l'aprem. On voit que l'automne s'installe au vu de la basse altitude des rapaces en migration ! Un Busard gris type femelle nous laisse de nouveau sur notre faim en passant trop loin. Mais bon, on se marre bien avec les Milans !"
I20261001-01,3588743,interval,2026-10-01T14:45:00+02:00/2026-10-01T19:17:00+02:00,bounded,,true,"Heavy rain, HP from 14:45 to sunset (weather field).",Pas de stratus sur le Rhône le matin. Vent S2. Nébulosité basse 8/8. 16 degrés. Légères averses de 10h à 14h. Puis HP de 14h45 au coucher du soleil. Pluie forte sans arrêt. ,
