year,start,end,reported_closure_days,partial_threshold_hours
2008,2008-07-15,2008-11-30,9.0,
2009,2009-07-15,2009-11-30,13.0,
2010,2010-07-15,2010-11-17,6.0,
2011,2011-07-18,2011-11-30,2.0,
2012,2012-07-16,2012-12-01,,7.0
2013,2013-07-15,2013-12-02,,6.0
2014,2014-07-15,2014-11-21,5.0,
2015,2015-07-18,2015-12-04,7.0,
2016,2016-07-18,2016-11-17,11.0,
2018,2018-07-16,2018-11-18,3.0,
2020,2020-07-15,2020-11-20,1.0,
2021,2021-07-18,2021-11-18,1.0,
2023,2023-07-17,2023-11-18,0.0,
2024,2024-07-18,2024-11-18,2.0,
2025,2025-07-18,2025-11-18,1.0,
