review_id,current_source_taxon,original_text,source_rows,source_birds,example_source_id,decision,review_note
HT-0aaffaa10806b9c7,Buse indéterminée,"vers 11-12h , doute avec une pattue : au milieu d'un flux de b.variables, impression d'aigle de loin, semble plus grosse que les autres buses a même distance, bord d'attaque très clair, plumage très blanc et poignets foncés bien marqués. la queue ne nous a pas paru franchement plus longue (avec barre diffuse cependant) et le ventre ne nous a pas marqué ce qui n'a pas permis de trancher.",1,1,H-2017-2021-r74840,pending,
HT-0afb6d5f2e166bfb,Pigeon biset domestique,Avec 5 Pigeons colombins.,1,3,H-2017-2021-r37217,pending,
HT-0eaec903fce600d7,Élanion blanc,"repérer en train de cercler assez haut avec un épervier, taille similaire. Petit rapace avec le corps blanc, bout des ailes noire, queue assez courte. Silhouette: secondaire large et bout des ailes pointus. Observer maximum 5 minutes par deux des trois observateurs présent (le troisième n'arrivant pas à le localiser avant qu'il ne tire dans le ciel bleu). Identification de l'espèce certaine (bonne connaissance de l'espèce et des espèces avec lesquels elle peut être confondue) - DONNÉE HOMOLOGUÉE SUR DESCRIPTION, PAR LE COMITE DE VALIDATION DE LA LPO 74, LE 22 /10/2020.",1,1,H-2017-2021-r55794,pending,
HT-31ee5b9c099ecd5a,Goéland indéterminé,goéland ou mouette. laridé sp non ouvert,1,4,H-2017-2021-r22158,pending,
HT-3ed89b233134aa23,Héron pourpré,Avec des Hérons cendrés.,1,1,H-2017-2021-r67021,pending,
HT-4e292147bdebca9b,Héron garde-boeufs,Obs de M.Gfeller et S.Guellati en compagnie de 11 Hérons cendrés.,1,2,H-2017-2021-r64601,pending,
HT-55b99fc454826b39,Rapace indéterminé,Accipiter/falco made in Félix,1,1,H-2017-2021-r25640,pending,
HT-68ed09aa3e0ad576,Aigle pomarin ou criard,"Suivi pendant plus de 15 minutes sur la partie est du spot.
Observation réalisée à distance mais permettant cependant de distinguer quelques critères clés propre à l'espèce :

- ""large eagle"" avec des ailes formant une planche et à extrémité moyennement digitée ou autrement dit faiblement levée lors des séances de vols planés directs.
- Lors des séances de vol plané circulaires, contraste fort entre les sous alaires brun clair et les rémiges nettement plus sombre.
- Tâche blanche nette et bien visible à distance à la base du dessus des primaires internes.
- Taille relativement moyenne avec petite tête.
- Battements d'ailes assez souple et rapide (pour ce genre d'espèce) évoquant les mouvements d'un rapaces de type ""Buzzard"".

Evidemment, la proximité n'étant pas délirante, 10 % de gènes de Criard sont impossible à exclure mais bon, excellent moment de migr dans tout les cas !

Fiche CHN envoyée le 24 septembre 2019.
Réponse de Hugo Touzé secrétaire du CHN ""Le cas de ton Aigle pomarin est beaucoup plus compliqué car on connaît tous ta grosse expérience en id d'aigles, ta description honnête et précise élimine un criard pur, le lieu et la date sont par ailleurs classiques pour un pomarin. Cependant, depuis que le problème croissant des hybrides a été mis en évidence, le CHN est devenu très exigeant quant à l'acceptation des observations de ce duo d'espèce et des hybrides, aussi il a été décidé de refuser (bcp de votes D) ton observation même si on s'accorde à dire que c'est un oiseau de ""type pomarin"". ""LA DESCRIPTION ÉLIMINE UN AIGLE CRIARD. DATE ET LIEU PLAIDENT POUR UN AIGLE POMARIN. CEPENDANT, IL N'APPARAIT PAS POSSIBLE D'EXCLURE AVEC CERTITUDE UN HYBRIDE COMPTE TENU DES EXIGENCES DU CHN QUANT AU TRAITEMENT DES PETITS AIGLES"" (36ème RAPPORT DU CHN – Ornithos n° 156 - 29-4 – juillet août 2022)",1,1,H-2017-2021-r39432,pending,
HT-7e35e6915dcfb4ef,Busard Saint-Martin,plumage sp,1,1,H-2014-2016-r8795,pending,
HT-81d492c3bc07790a,Sarcelle d'été,"Un grand merci à ce Héron cendré ""ne passe pas"" !!!!!! Groupe détecté à très haute altitude grâce à lui !!!!",1,15,H-2017-2021-r38316,pending,
HT-829ee5ccb29a081c,Héron cendré,heron sp possible d'ouvrir le taxon ?,1,5,H-2017-2021-r22384,pending,
HT-858cf72eb7a356ae,Pigeon ramier,Avec 3 Pigeons colombins.,1,1,H-2017-2021-r39071,pending,
HT-8e90da1e928aa9f9,Limicole indéterminé,Petit limicole sp (Possible Chevalier sylvain... loin dans les brumes du chaleur au dessus du Salève.),1,2,H-2017-2021-r35264,pending,
HT-a03d07fcfa970c1a,Élanion blanc,"Passe en migration active à l'Est du spot à environ 500m. Vole en direction du sud.  Cercle à deux reprises pendant quelques dizaines de secondes. Trop loin pour connaître l'âge de cet individu mais assez près pour voir tous les critères déterminants pour identifier l'espèce. Rapace entièrement clair de la taille d'un Faucon hobereau mais avec des ailes plus larges. Plane avec les ailes relevés. Du dessus : couvertures noires, du dessous : pointes des rémiges primaires noires. Aucune photo potable. Observation effectuée avec tous les spotteurs du jour. DONNÉE HOMOLOGUÉE SUR DESCRIPTION, PAR LE COMITE DE VALIDATION DE LA LPO 74, LE 11/09/2021.",1,1,H-2017-2021-r66442,pending,
HT-a9decba10a0ac312,Pigeon indéterminé,Probable Colombin.,2,25,H-2017-2021-r36753,pending,
HT-ac066de8da861dcf,Limicole indéterminé,type courlis loin a contre jour,1,3,H-2017-2021-r21904,pending,
HT-ad8174d2e3ed7288,Héron cendré,Avec 6 Grandes Aigrettes.,1,1,H-2017-2021-r52284,pending,
HT-adee808cd83b8db5,Alouette calandrelle,"Espèce tout d'abord contacté et identifié grâce à 2, 3 cris diagnostics émis de manière sèche et assez lâche : « trrrrt … trrrt... trrrt ...». 

Trouvée ensuite 2 secondes plus tard et observée aux jumelles et longue-vue entre 15 et 20 secondes puis perdu sur fond de végétation au niveau du Vuache : aspect de petite Alouette bien proportionnée et à la structure assez compact. Extrémité d'ailes nettement sombre contrastant globalement avec les parties supérieures pales et ventre blanc. Ailes étirées assez longuement lors des battements. Continue d’émettre des cris typiques durant l'observation, renforçant cette description générale.

Avec Kelig Gourvennec, Raymond Bedouet et Benjamin Bruno (avec le groupe jeune LPO).
DONNÉE HOMOLOGUÉE SUR DESCRIPTION, PAR LE COMITE DE VALIDATION DE LA LPO 74, LE 05/10/2019",1,1,H-2017-2021-r38015,pending,
HT-c27729ed59f0c8c7,Rapace indéterminé,épervier \ autour,1,1,H-2017-2021-r50069,pending,
HT-d77cd95447dc933c,Hibou des marais,"DONNÉE INUTILISABLE – HOMOLOGATION REFUSÉE  PAR LE CHR EN JUIN 2018 POUR LES RAISONS SUIVANTES : La description  ne permet pas d’exclure avec certitude un hibou moyen-duc, qui peut parfois aussi voler en plein jour.",1,1,H-2017-2021-r4737,pending,
HT-df3663de3d9d089a,Aigle indéterminé (Aquila),"Repérer bas et loin vers le Salève en train de cercler harceler par deux buses. Grand aigle, doigt bien digité assez rectangulaire (plus que chez le royal), queue longue, cercle avec les ailes a plats, croupion (base de la queue) blanc, présentant des couvertures claires, plumes de corps et sous-ailaire clair également. Obs malheureusement trop loin pour avoir plus de détail sur le plumage ou une photo. Observer 5 min en train de monter avant qu'il ne gloups dans un nuage bas. [Aigle impérial probable]",1,1,H-2017-2021-r53946,pending,
HT-e73bca5278cf1197,Rémiz penduline,Pas vue car en train de compter un flux de buses et Milans.,1,1,H-2017-2021-r75097,pending,
HT-ef452481abc4e8a0,Limicole indéterminé,bécasseaux sp type variable/ sandering.,1,13,H-2017-2021-r56893,pending,
HT-f9e6957b9b1c1fea,Pigeon ramier,Avec 5 Pigeons colombins.,1,1,H-2017-2021-r39074,pending,
HT-ff4b287b94b91733,Héron garde-boeufs,Migre avec 6 Grandes Aigrettes.,1,1,H-2017-2021-r43650,pending,
