review_id,current_source_taxon,current_taxon_id,source_field,original_text,source_rows,source_birds,described_birds,first_date,last_date,scopes,current_scientific_name,proposed_taxon_id,proposed_english_name,proposed_scientific_name,proposed_ebird_code,candidate_taxon_ids,proposal_note,same_as_current,example_source_id,example_released_ids,source_count_ids,decision,approved_taxon_id,review_note,review_group,generated_proposed_taxon
HT-014413825d6c516c,Rapace indéterminé,avibase-0C24147B,remark,1 faucon/epervier,1,2,1.0,2021-10-08,2021-10-08,subset_requires_split,Accipitriformes/Falconiformes sp.,,,,,,Unresolved falcon/sparrowhawk or Accipiter/Falco set; no exact pinned concept established.,False,H-2017-2021-r73208,N-20211008-1219-diurap1-normal,H-2017-2021-r73208,pending,,,HT-748928f1b7,Identification collective à préciser
HT-0181179b5202c73c,Passereau indéterminé,avibase-CFD25837,remark,bruant sp,1,1,,2017-10-13,2017-10-13,whole_count_candidate,Passeriformes sp.,avibase-869B5DF7,Emberiza sp.,Emberiza sp.,emberi1,,Emberiza sp.; confirm the intended Old World bunting scope.,False,H-2017-2021-r13934,N-20171013-0936-passer1-normal,H-2017-2021-r13934,pending,,,HT-ad35e8d0dd,Emberiza sp.
HT-0aaffaa10806b9c7,Buse indéterminée,avibase-E91E7830,remark,"vers 11-12h , doute avec une pattue : au milieu d'un flux de b.variables, impression d'aigle de loin, semble plus grosse que les autres buses a même distance, bord d'attaque très clair, plumage très blanc et poignets foncés bien marqués. la queue ne nous a pas paru franchement plus longue (avec barre diffuse cependant) et le ventre ne nous a pas marqué ce qui n'a pas permis de trancher.",1,1,,2021-10-11,2021-10-11,context_review,Buteo sp.,,,,,,,False,H-2017-2021-r74840,N-20211011-1936-buteo-normal,H-2017-2021-r74840,pending,,,HT-26a92a8521,
HT-0afb6d5f2e166bfb,Pigeon biset domestique,avibase-533DD36C,remark,Avec 5 Pigeons colombins.,1,3,,2019-09-04,2019-09-04,context_review,Columba livia (Feral Pigeon),,,,,,,False,H-2017-2021-r37217,N-20190904-0749-rocpig1-normal,H-2017-2021-r37217,pending,,,HT-2e67fa056f,
HT-0e3ab00f1f2af68e,Passereau indéterminé,avibase-CFD25837,remark,4 Corvidés sp.,1,4,4.0,2019-11-11,2019-11-11,whole_count_candidate,Passeriformes sp.,avibase-26BE20B9,corvid sp.,Corvidae sp.,corvid2,,Corvidae sp.; no species inferred.,False,H-2017-2021-r51367,N-20191111-0800-passer1-normal,H-2017-2021-r51367,pending,,,HT-c8d50b19f6,Corvidae sp.
HT-0e4738b484cd6adc,Passereau indéterminé,avibase-CFD25837,remark,1 Bruant sp.,1,1,1.0,2019-11-11,2019-11-11,whole_count_candidate,Passeriformes sp.,avibase-869B5DF7,Emberiza sp.,Emberiza sp.,emberi1,,Emberiza sp.; confirm the intended Old World bunting scope.,False,H-2017-2021-r51374,N-20191111-0807-passer1-normal,H-2017-2021-r51374,pending,,,HT-ad35e8d0dd,Emberiza sp.
HT-0eaec903fce600d7,Élanion blanc,avibase-97C47F3E,remark,"repérer en train de cercler assez haut avec un épervier, taille similaire. Petit rapace avec le corps blanc, bout des ailes noire, queue assez courte. Silhouette: secondaire large et bout des ailes pointus. Observer maximum 5 minutes par deux des trois observateurs présent (le troisième n'arrivant pas à le localiser avant qu'il ne tire dans le ciel bleu). Identification de l'espèce certaine (bonne connaissance de l'espèce et des espèces avec lesquels elle peut être confondue) - DONNÉE HOMOLOGUÉE SUR DESCRIPTION, PAR LE COMITE DE VALIDATION DE LA LPO 74, LE 22 /10/2020.",1,1,,2020-09-21,2020-09-21,context_review,Elanus caeruleus,,,,,,,False,H-2017-2021-r55794,N-20200921-1608-bkskit1-normal,H-2017-2021-r55794,pending,,,HT-a783df8284,
HT-12f285b4b9ca71d3,Passereau indéterminé,avibase-CFD25837,remark,8 x mésanges,1,8,8.0,2017-09-27,2017-09-27,whole_count_candidate,Passeriformes sp.,avibase-399FA405,parid sp.,Paridae sp.,parid1,,Paridae sp.; no species inferred.,False,H-2017-2021-r7991,N-20170927-1344-passer1-normal,H-2017-2021-r7991,pending,,,HT-2dbdc40974,Mésange indéterminée — Paridae sp.
HT-13a4109ab4fc8d21,Rapace indéterminé,avibase-0C24147B,remark,épervier ou faucon,1,1,,2018-09-24,2018-09-24,whole_count_candidate,Accipitriformes/Falconiformes sp.,,,,,,Unresolved falcon/sparrowhawk or Accipiter/Falco set; no exact pinned concept established.,False,H-2017-2021-r24038,N-20180924-1453-diurap1-normal,H-2017-2021-r24038,pending,,,HT-b7f75e3ed9,Identification collective à préciser
HT-15e29ae8200f2a6e,Merle / Grive indéterminé,avibase-690E6849,remark,grives SP.,1,8,,2021-10-07,2021-10-07,whole_count_candidate,Turdus sp.,avibase-690E6849,Turdus sp.,Turdus sp.,turdus1,,Turdus sp.; merle/grive wording does not identify a species.,True,H-2017-2021-r72241,N-20211007-0908-turdus1-normal,H-2017-2021-r72241,pending,,,HT-a8401beec8,Merle / Grive indéterminé — Turdus sp.
HT-26885c70ca9e3301,Passereau indéterminé,avibase-CFD25837,remark,3 Pipit sp.,1,3,3.0,2019-11-05,2019-11-05,whole_count_candidate,Passeriformes sp.,avibase-AD6E9B95,pipit sp.,Anthus sp.,pipit1,,Anthus sp.; ppt abbreviation requires confirmation.,False,H-2017-2021-r49558,N-20191105-0945-passer1-normal,H-2017-2021-r49558,pending,,,HT-f6f55e346c,Pipit indéterminé — Anthus sp.
HT-2a3dcb3e05012d0f,Passereau indéterminé,avibase-CFD25837,remark,Corvidé indéterminé.,1,14,,2019-10-28,2019-10-28,whole_count_candidate,Passeriformes sp.,avibase-26BE20B9,corvid sp.,Corvidae sp.,corvid2,,Corvidae sp.; no species inferred.,False,H-2017-2021-r48390,N-20191028-0807-passer1-normal,H-2017-2021-r48390,pending,,,HT-c8d50b19f6,Corvidae sp.
HT-2ce2a2e476119d75,Rapace indéterminé,avibase-0C24147B,remark,faucon ou épervier,2,2,,2021-09-17,2021-10-11,whole_count_candidate,Accipitriformes/Falconiformes sp.,,,,,,Unresolved falcon/sparrowhawk or Accipiter/Falco set; no exact pinned concept established.,False,H-2017-2021-r67211,N-20210917-1407-diurap1-normal,H-2017-2021-r67211 | H-2017-2021-r74726,pending,,,HT-b7f75e3ed9,Identification collective à préciser
HT-2dee905a739873bc,Passereau indéterminé,avibase-CFD25837,remark,2 corvidés sp.,1,2,2.0,2019-11-11,2019-11-11,whole_count_candidate,Passeriformes sp.,avibase-26BE20B9,corvid sp.,Corvidae sp.,corvid2,,Corvidae sp.; no species inferred.,False,H-2017-2021-r51363,N-20191111-0758-passer1-normal,H-2017-2021-r51363,pending,,,HT-c8d50b19f6,Corvidae sp.
HT-31ee5b9c099ecd5a,Goéland indéterminé,avibase-8D04DAAF,remark,goéland ou mouette. laridé sp non ouvert,1,4,,2018-09-01,2018-09-01,context_review,Larinae sp.,,,,,,,False,H-2017-2021-r22158,N-20180901-1351-larus-normal,H-2017-2021-r22158,pending,,,HT-0eb9342072,
HT-3a3b99a993ad37be,Passereau indéterminé,avibase-CFD25837,remark,9 corvidés sp.,1,9,9.0,2019-11-12,2019-11-12,whole_count_candidate,Passeriformes sp.,avibase-26BE20B9,corvid sp.,Corvidae sp.,corvid2,,Corvidae sp.; no species inferred.,False,H-2017-2021-r51587,N-20191112-0818-passer1-normal,H-2017-2021-r51587,pending,,,HT-c8d50b19f6,Corvidae sp.
HT-3ed89b233134aa23,Héron pourpré,avibase-3395DCF1,remark,Avec des Hérons cendrés.,1,1,,2021-09-16,2021-09-16,context_review,Ardea purpurea,,,,,,,False,H-2017-2021-r67021,N-20210916-1830-purher1-normal,H-2017-2021-r67021,pending,,,HT-d2a236efe8,
HT-428640837e1bc02c,Rapace indéterminé,avibase-0C24147B,remark,Accipiter/Faucon,1,1,,2021-10-14,2021-10-14,whole_count_candidate,Accipitriformes/Falconiformes sp.,,,,,,Unresolved falcon/sparrowhawk or Accipiter/Falco set; no exact pinned concept established.,False,H-2017-2021-r75791,N-20211014-1322-diurap1-normal,H-2017-2021-r75791,pending,,,HT-b7f75e3ed9,Identification collective à préciser
HT-4727aebade0abc07,Hirondelle indéterminée,avibase-55CCEE2D,remark,mixte rustique/fenetre,1,58,,2021-09-28,2021-09-28,whole_count_candidate,Hirundinidae sp.,,,,,,Mixed taxa without subgroup quantities; retain current group pending review.,False,H-2017-2021-r69735,N-20210928-1447-swallo-normal,H-2017-2021-r69735,pending,,,HT-3a7dc30522,Identification collective à préciser
HT-4809b5591481bf72,Passereau indéterminé,avibase-CFD25837,remark,16 x mésanges,2,32,32.0,2017-09-27,2017-09-27,whole_count_candidate,Passeriformes sp.,avibase-399FA405,parid sp.,Paridae sp.,parid1,,Paridae sp.; no species inferred.,False,H-2017-2021-r7901,N-20170927-1111-passer1-normal,H-2017-2021-r7901 | H-2017-2021-r7934,pending,,,HT-2dbdc40974,Mésange indéterminée — Paridae sp.
HT-4a2de856602d1128,Petit Gravelot,avibase-35EC3BBF,comment,Gravelot sp.,1,1,,2014-09-24,2014-09-24,whole_count_candidate,Thinornis dubius,avibase-6E8EA94E,small plover sp.,Charadrius/Thinornis/Anarhynchus sp.,smaplo1,,Small plover identification set; confirm intended scope against broader plover sp. avibase-83F7457A.,False,H-2014-2016-r2520,S-20140924-1200-lirplo-normal,H-2014-2016-r2520,pending,,,HT-e8a8d8296f,Charadrius/Thinornis/Anarhynchus sp.
HT-4a3aa0a9938d00c5,Passereau indéterminé,avibase-CFD25837,remark,12 x mesanges,1,12,12.0,2017-09-26,2017-09-26,whole_count_candidate,Passeriformes sp.,avibase-399FA405,parid sp.,Paridae sp.,parid1,,Paridae sp.; no species inferred.,False,H-2017-2021-r7514,N-20170926-1005-passer1-normal,H-2017-2021-r7514,pending,,,HT-2dbdc40974,Mésange indéterminée — Paridae sp.
HT-4e292147bdebca9b,Héron garde-boeufs,avibase-AB1CB216,remark,Obs de M.Gfeller et S.Guellati en compagnie de 11 Hérons cendrés.,1,2,,2021-08-13,2021-08-13,context_review,Ardea ibis,,,,,,,False,H-2017-2021-r64601,N-20210813-0815-categr1-normal,H-2017-2021-r64601,pending,,,HT-d37be89373,
HT-53124c511bd03f12,Passereau indéterminé,avibase-CFD25837,remark,10 x mésanges,1,10,10.0,2017-09-27,2017-09-27,whole_count_candidate,Passeriformes sp.,avibase-399FA405,parid sp.,Paridae sp.,parid1,,Paridae sp.; no species inferred.,False,H-2017-2021-r7926,N-20170927-1145-passer1-normal,H-2017-2021-r7926,pending,,,HT-2dbdc40974,Mésange indéterminée — Paridae sp.
HT-55b99fc454826b39,Rapace indéterminé,avibase-0C24147B,remark,Accipiter/falco made in Félix,1,1,,2018-10-03,2018-10-03,context_review,Accipitriformes/Falconiformes sp.,,,,,,,False,H-2017-2021-r25640,N-20181003-1621-diurap1-normal,H-2017-2021-r25640,pending,,,HT-02394eccba,
HT-58cf0f2c0f0a524d,Passereau indéterminé,avibase-CFD25837,remark,6 x mésanges,3,18,18.0,2017-09-26,2017-09-27,whole_count_candidate,Passeriformes sp.,avibase-399FA405,parid sp.,Paridae sp.,parid1,,Paridae sp.; no species inferred.,False,H-2017-2021-r7448,N-20170926-0925-passer1-normal,H-2017-2021-r7448 | H-2017-2021-r7935 | H-2017-2021-r7943,pending,,,HT-2dbdc40974,Mésange indéterminée — Paridae sp.
HT-58f19c68ab1e6b75,Passereau indéterminé,avibase-CFD25837,remark,1 x mésange,1,1,1.0,2017-09-27,2017-09-27,whole_count_candidate,Passeriformes sp.,avibase-399FA405,parid sp.,Paridae sp.,parid1,,Paridae sp.; no species inferred.,False,H-2017-2021-r7999,N-20170927-1352-passer1-normal,H-2017-2021-r7999,pending,,,HT-2dbdc40974,Mésange indéterminée — Paridae sp.
HT-5b175f47d38984f4,Alouette indéterminée,avibase-20C23C74,remark,mélange champs/lulu,1,100,,2021-10-09,2021-10-09,whole_count_candidate,Alaudidae sp.,,,,,,Mixed taxa without subgroup quantities; retain current group pending review.,False,H-2017-2021-r73712,N-20211009-0924-lark1-normal,H-2017-2021-r73712,pending,,,HT-5f5b22e58e,Identification collective à préciser
HT-5b67787398117c10,Passereau indéterminé,avibase-CFD25837,remark,2 Pipit sp.,2,4,4.0,2019-11-05,2019-11-05,whole_count_candidate,Passeriformes sp.,avibase-AD6E9B95,pipit sp.,Anthus sp.,pipit1,,Anthus sp.; ppt abbreviation requires confirmation.,False,H-2017-2021-r49670,N-20191105-1048-passer1-normal,H-2017-2021-r49670 | H-2017-2021-r49740,pending,,,HT-f6f55e346c,Pipit indéterminé — Anthus sp.
HT-61abe009b221233f,Rapace indéterminé,avibase-0C24147B,remark,1 faucon /épervier,1,11,1.0,2021-10-23,2021-10-23,subset_requires_split,Accipitriformes/Falconiformes sp.,,,,,,Unresolved falcon/sparrowhawk or Accipiter/Falco set; no exact pinned concept established.,False,H-2017-2021-r77736,N-20211023-diurap1-normal,H-2017-2021-r77736,pending,,,HT-748928f1b7,Identification collective à préciser
HT-68ed09aa3e0ad576,Aigle pomarin ou criard,avibase-2A16982E,remark,"Suivi pendant plus de 15 minutes sur la partie est du spot.
Observation réalisée à distance mais permettant cependant de distinguer quelques critères clés propre à l'espèce :

- ""large eagle"" avec des ailes formant une planche et à extrémité moyennement digitée ou autrement dit faiblement levée lors des séances de vols planés directs.
- Lors des séances de vol plané circulaires, contraste fort entre les sous alaires brun clair et les rémiges nettement plus sombre.
- Tâche blanche nette et bien visible à distance à la base du dessus des primaires internes.
- Taille relativement moyenne avec petite tête.
- Battements d'ailes assez souple et rapide (pour ce genre d'espèce) évoquant les mouvements d'un rapaces de type ""Buzzard"".

Evidemment, la proximité n'étant pas délirante, 10 % de gènes de Criard sont impossible à exclure mais bon, excellent moment de migr dans tout les cas !

Fiche CHN envoyée le 24 septembre 2019.
Réponse de Hugo Touzé secrétaire du CHN ""Le cas de ton Aigle pomarin est beaucoup plus compliqué car on connaît tous ta grosse expérience en id d'aigles, ta description honnête et précise élimine un criard pur, le lieu et la date sont par ailleurs classiques pour un pomarin. Cependant, depuis que le problème croissant des hybrides a été mis en évidence, le CHN est devenu très exigeant quant à l'acceptation des observations de ce duo d'espèce et des hybrides, aussi il a été décidé de refuser (bcp de votes D) ton observation même si on s'accorde à dire que c'est un oiseau de ""type pomarin"". ""LA DESCRIPTION ÉLIMINE UN AIGLE CRIARD. DATE ET LIEU PLAIDENT POUR UN AIGLE POMARIN. CEPENDANT, IL N'APPARAIT PAS POSSIBLE D'EXCLURE AVEC CERTITUDE UN HYBRIDE COMPTE TENU DES EXIGENCES DU CHN QUANT AU TRAITEMENT DES PETITS AIGLES"" (36ème RAPPORT DU CHN – Ornithos n° 156 - 29-4 – juillet août 2022)",1,1,,2019-09-23,2019-09-23,context_review,Clanga pomarina/clanga,,,,,,,False,H-2017-2021-r39432,N-20190923-1524-y00718-normal,H-2017-2021-r39432,pending,,,HT-683e5d1324,
HT-6fbb44e775594eed,Limicole indéterminé,avibase-7FC8B7ED,remark,Petit limicole sp.,1,1,,2019-09-21,2019-09-21,whole_count_candidate,Charadriiformes sp. (shorebird sp.),,,,,,No exact small shorebird concept; retain source distinction and broad current mapping.,False,H-2017-2021-r39217,N-20190921-1749-shoreb1-normal,H-2017-2021-r39217,pending,,,HT-9b05f36ca7,Identification collective à préciser
HT-7b0f421896225ddd,Passereau indéterminé,avibase-CFD25837,remark,5 x mésanges,1,5,5.0,2017-09-27,2017-09-27,whole_count_candidate,Passeriformes sp.,avibase-399FA405,parid sp.,Paridae sp.,parid1,,Paridae sp.; no species inferred.,False,H-2017-2021-r7945,N-20170927-1211-passer1-normal,H-2017-2021-r7945,pending,,,HT-2dbdc40974,Mésange indéterminée — Paridae sp.
HT-7dea12f9482a06a6,Passereau indéterminé,avibase-CFD25837,remark,7 x mésanges,3,21,21.0,2017-09-26,2017-09-26,whole_count_candidate,Passeriformes sp.,avibase-399FA405,parid sp.,Paridae sp.,parid1,,Paridae sp.; no species inferred.,False,H-2017-2021-r7461,N-20170926-0932-passer1-normal,H-2017-2021-r7461 | H-2017-2021-r7499 | H-2017-2021-r7506,pending,,,HT-2dbdc40974,Mésange indéterminée — Paridae sp.
HT-7e35e6915dcfb4ef,Busard Saint-Martin,avibase-F558C7F9,comment,plumage sp,1,1,,2015-10-24,2015-10-24,context_review,Circus cyaneus,,,,,,,False,H-2014-2016-r8795,S-20151024-0800-norhar1-normal,H-2014-2016-r8795,pending,,,HT-66b3d02573,
HT-808eb33ae509cd12,Rapace indéterminé,avibase-0C24147B,remark,faucon/epervie,1,1,,2021-09-30,2021-09-30,whole_count_candidate,Accipitriformes/Falconiformes sp.,,,,,,Unresolved falcon/sparrowhawk or Accipiter/Falco set; no exact pinned concept established.,False,H-2017-2021-r70697,N-20210930-1545-diurap1-normal,H-2017-2021-r70697,pending,,,HT-b7f75e3ed9,Identification collective à préciser
HT-81d492c3bc07790a,Sarcelle d'été,avibase-F577BA0F,remark,"Un grand merci à ce Héron cendré ""ne passe pas"" !!!!!! Groupe détecté à très haute altitude grâce à lui !!!!",1,15,,2019-09-15,2019-09-15,context_review,Spatula querquedula,,,,,,,False,H-2017-2021-r38316,N-20190915-2019-gargan-normal,H-2017-2021-r38316,pending,,,HT-8715735420,
HT-829ee5ccb29a081c,Héron cendré,avibase-6429024D,remark,heron sp possible d'ouvrir le taxon ?,1,5,,2018-09-04,2018-09-04,context_review,Ardea cinerea,,,,,,,False,H-2017-2021-r22384,N-20180904-0953-graher1-normal,H-2017-2021-r22384,pending,,,HT-a4c4e72975,
HT-858cf72eb7a356ae,Pigeon ramier,avibase-760F307A,remark,Avec 3 Pigeons colombins.,1,1,,2019-09-21,2019-09-21,context_review,Columba palumbus,,,,,,,False,H-2017-2021-r39071,N-20190921-1027-cowpig1-normal,H-2017-2021-r39071,pending,,,HT-485c8bb7cd,
HT-89a5362fc877c707,Rapace indéterminé,avibase-0C24147B,remark,Épervier/Crécerelle,1,1,,2021-08-27,2021-08-27,whole_count_candidate,Accipitriformes/Falconiformes sp.,,,,,avibase-2DAB45B8 | avibase-DB376A66,Unresolved Kestrel/Sparrowhawk set; no species assignment.,False,H-2017-2021-r65231,N-20210827-1148-diurap1-normal,H-2017-2021-r65231,pending,,,HT-405cce0247,Identification collective à préciser
HT-8b692fc4bd8bb431,Passereau indéterminé,avibase-CFD25837,remark,pipit sp,2,4,,2019-10-17,2019-11-12,whole_count_candidate,Passeriformes sp.,avibase-AD6E9B95,pipit sp.,Anthus sp.,pipit1,,Anthus sp.; ppt abbreviation requires confirmation.,False,H-2017-2021-r45560,N-20191017-1423-passer1-normal,H-2017-2021-r45560 | H-2017-2021-r51660,pending,,,HT-f6f55e346c,Pipit indéterminé — Anthus sp.
HT-8bb1721111c5860b,Grive musicienne,avibase-D929EB21,comment,dont 10 Grive sp.,1,25,10.0,2014-10-12,2014-10-12,subset_requires_split,Turdus philomelos,avibase-690E6849,Turdus sp.,Turdus sp.,turdus1,,Turdus sp.; merle/grive wording does not identify a species.,False,H-2014-2016-r3069,S-20141012-0900-sonthr1-normal,H-2014-2016-r3069,pending,,,HT-5770c99d75,Merle / Grive indéterminé — Turdus sp.
HT-8e90da1e928aa9f9,Limicole indéterminé,avibase-7FC8B7ED,remark,Petit limicole sp (Possible Chevalier sylvain... loin dans les brumes du chaleur au dessus du Salève.),1,2,,2019-07-30,2019-07-30,context_review,Charadriiformes sp. (shorebird sp.),,,,,,,False,H-2017-2021-r35264,N-20190730-1200-shoreb1-normal,H-2017-2021-r35264,pending,,,HT-9f8cc43e93,
HT-9189fdcb5488b6af,Rapace indéterminé,avibase-0C24147B,remark,bondrée/bude,1,1,,2021-09-02,2021-09-02,whole_count_candidate,Accipitriformes/Falconiformes sp.,,,,,avibase-ED5A7E8F | avibase-3C0C325D,Unresolved identification set; these alternatives are not quantities to split. Exact pinned concept needs review.,False,H-2017-2021-r65785,N-20210902-1122-diurap1-normal,H-2017-2021-r65785,pending,,,HT-de1589d6f0,Identification collective à préciser
HT-992071810f28ecf1,Rapace indéterminé,avibase-0C24147B,remark,buse/bondrée,2,2,,2021-08-27,2021-09-02,whole_count_candidate,Accipitriformes/Falconiformes sp.,,,,,avibase-ED5A7E8F | avibase-3C0C325D,Unresolved identification set; these alternatives are not quantities to split. Exact pinned concept needs review.,False,H-2017-2021-r65281,N-20210827-1611-diurap1-normal,H-2017-2021-r65281 | H-2017-2021-r65851,pending,,,HT-de1589d6f0,Identification collective à préciser
HT-99fec93f29d19e48,Rapace indéterminé,avibase-0C24147B,remark,accipiter/faucon sp,1,3,,2020-09-21,2020-09-21,whole_count_candidate,Accipitriformes/Falconiformes sp.,,,,,,Unresolved falcon/sparrowhawk or Accipiter/Falco set; no exact pinned concept established.,False,H-2017-2021-r55711,N-20200921-1121-diurap1-normal,H-2017-2021-r55711,pending,,,HT-b7f75e3ed9,Identification collective à préciser
HT-a03d07fcfa970c1a,Élanion blanc,avibase-97C47F3E,remark,"Passe en migration active à l'Est du spot à environ 500m. Vole en direction du sud.  Cercle à deux reprises pendant quelques dizaines de secondes. Trop loin pour connaître l'âge de cet individu mais assez près pour voir tous les critères déterminants pour identifier l'espèce. Rapace entièrement clair de la taille d'un Faucon hobereau mais avec des ailes plus larges. Plane avec les ailes relevés. Du dessus : couvertures noires, du dessous : pointes des rémiges primaires noires. Aucune photo potable. Observation effectuée avec tous les spotteurs du jour. DONNÉE HOMOLOGUÉE SUR DESCRIPTION, PAR LE COMITE DE VALIDATION DE LA LPO 74, LE 11/09/2021.",1,1,,2021-09-09,2021-09-09,context_review,Elanus caeruleus,,,,,,,False,H-2017-2021-r66442,N-20210909-1135-bkskit1-normal,H-2017-2021-r66442,pending,,,HT-0fddb8c11d,
HT-a122a60f07de856f,Rapace indéterminé,avibase-0C24147B,remark,bondrees/buses,1,2,,2021-08-24,2021-08-24,whole_count_candidate,Accipitriformes/Falconiformes sp.,,,,,avibase-ED5A7E8F | avibase-3C0C325D,Unresolved identification set; these alternatives are not quantities to split. Exact pinned concept needs review.,False,H-2017-2021-r65074,N-20210824-1313-diurap1-normal,H-2017-2021-r65074,pending,,,HT-de1589d6f0,Identification collective à préciser
HT-a1661199a41f11be,Passereau indéterminé,avibase-CFD25837,remark,4 x mésanges,1,4,4.0,2017-09-27,2017-09-27,whole_count_candidate,Passeriformes sp.,avibase-399FA405,parid sp.,Paridae sp.,parid1,,Paridae sp.; no species inferred.,False,H-2017-2021-r7922,N-20170927-1140-passer1-normal,H-2017-2021-r7922,pending,,,HT-2dbdc40974,Mésange indéterminée — Paridae sp.
HT-a2a12d13c16251d5,Rapace indéterminé,avibase-0C24147B,remark,bondrée/buse,4,4,,2021-09-01,2021-09-07,whole_count_candidate,Accipitriformes/Falconiformes sp.,,,,,avibase-ED5A7E8F | avibase-3C0C325D,Unresolved identification set; these alternatives are not quantities to split. Exact pinned concept needs review.,False,H-2017-2021-r65642,N-20210901-1623-diurap1-normal,H-2017-2021-r65642 | H-2017-2021-r65655 | H-2017-2021-r65866 | H-2017-2021-r66331,pending,,,HT-de1589d6f0,Identification collective à préciser
HT-a7168d740addcb1c,Passereau indéterminé,avibase-CFD25837,remark,6 Pipit sp.,1,6,6.0,2019-11-07,2019-11-07,whole_count_candidate,Passeriformes sp.,avibase-AD6E9B95,pipit sp.,Anthus sp.,pipit1,,Anthus sp.; ppt abbreviation requires confirmation.,False,H-2017-2021-r50463,N-20191107-1607-passer1-normal,H-2017-2021-r50463,pending,,,HT-f6f55e346c,Pipit indéterminé — Anthus sp.
HT-a9decba10a0ac312,Pigeon indéterminé,avibase-F837F893,remark,Probable Colombin.,2,25,,2019-08-28,2019-09-19,context_review,Columba sp.,,,,,,,False,H-2017-2021-r36753,N-20190828-1933-columb1-normal,H-2017-2021-r36753 | H-2017-2021-r38831,pending,,,HT-201abaf0b6,
HT-ac066de8da861dcf,Limicole indéterminé,avibase-7FC8B7ED,remark,type courlis loin a contre jour,1,3,,2018-08-29,2018-08-29,context_review,Charadriiformes sp. (shorebird sp.),,,,,,,False,H-2017-2021-r21904,N-20180829-0829-shoreb1-normal,H-2017-2021-r21904,pending,,,HT-4a0b2b34b5,
HT-ad8174d2e3ed7288,Héron cendré,avibase-6429024D,remark,Avec 6 Grandes Aigrettes.,1,1,,2019-11-16,2019-11-16,context_review,Ardea cinerea,,,,,,,False,H-2017-2021-r52284,N-20191116-1612-graher1-normal,H-2017-2021-r52284,pending,,,HT-ca3c75c361,
HT-adee808cd83b8db5,Alouette calandrelle,avibase-4091A51E,remark,"Espèce tout d'abord contacté et identifié grâce à 2, 3 cris diagnostics émis de manière sèche et assez lâche : « trrrrt … trrrt... trrrt ...». 

Trouvée ensuite 2 secondes plus tard et observée aux jumelles et longue-vue entre 15 et 20 secondes puis perdu sur fond de végétation au niveau du Vuache : aspect de petite Alouette bien proportionnée et à la structure assez compact. Extrémité d'ailes nettement sombre contrastant globalement avec les parties supérieures pales et ventre blanc. Ailes étirées assez longuement lors des battements. Continue d’émettre des cris typiques durant l'observation, renforçant cette description générale.

Avec Kelig Gourvennec, Raymond Bedouet et Benjamin Bruno (avec le groupe jeune LPO).
DONNÉE HOMOLOGUÉE SUR DESCRIPTION, PAR LE COMITE DE VALIDATION DE LA LPO 74, LE 05/10/2019",1,1,,2019-09-14,2019-09-14,context_review,Calandrella brachydactyla,,,,,,,False,H-2017-2021-r38015,N-20190914-0923-gstlar1-normal,H-2017-2021-r38015,pending,,,HT-40152ddfca,
HT-b625fd7b4d940bb9,Passereau indéterminé,avibase-CFD25837,remark,3 x mésanges,4,12,12.0,2017-09-26,2017-09-27,whole_count_candidate,Passeriformes sp.,avibase-399FA405,parid sp.,Paridae sp.,parid1,,Paridae sp.; no species inferred.,False,H-2017-2021-r7589,N-20170926-1112-passer1-normal,H-2017-2021-r7589 | H-2017-2021-r7887 | H-2017-2021-r7912 | H-2017-2021-r7963,pending,,,HT-2dbdc40974,Mésange indéterminée — Paridae sp.
HT-b83b8b3b8f22a1da,Passereau indéterminé,avibase-CFD25837,remark,7 pipit Sp,1,7,7.0,2019-11-05,2019-11-05,whole_count_candidate,Passeriformes sp.,avibase-AD6E9B95,pipit sp.,Anthus sp.,pipit1,,Anthus sp.; ppt abbreviation requires confirmation.,False,H-2017-2021-r49628,N-20191105-1024-passer1-normal,H-2017-2021-r49628,pending,,,HT-f6f55e346c,Pipit indéterminé — Anthus sp.
HT-b9e901c1a4e36e62,Passereau indéterminé,avibase-CFD25837,remark,13 berges sp,1,13,13.0,2021-10-09,2021-10-09,whole_count_candidate,Passeriformes sp.,avibase-F8FCE84A,wagtail sp.,Motacilla sp.,wagtai1,,"Motacilla sp.; confirm abbreviation, not a yellow-wagtail species inference.",False,H-2017-2021-r74311,N-20211009-1800-passer1-normal,H-2017-2021-r74311,pending,,,HT-5075fdd34d,Motacilla sp.
HT-bef168eaf7d4923e,Pigeon indéterminé,avibase-F837F893,remark,mélange colombins/ ramier,1,43,,2021-10-12,2021-10-12,whole_count_candidate,Columba sp.,,,,,,Mixed taxa without subgroup quantities; retain current group pending review.,False,H-2017-2021-r75111,N-20211012-1356-columb1-normal,H-2017-2021-r75111,pending,,,HT-8ce661f314,Identification collective à préciser
HT-bf1ac0cf0bcf604b,Passereau indéterminé,avibase-CFD25837,remark,20 x mésanges,1,20,20.0,2017-09-27,2017-09-27,whole_count_candidate,Passeriformes sp.,avibase-399FA405,parid sp.,Paridae sp.,parid1,,Paridae sp.; no species inferred.,False,H-2017-2021-r7886,N-20170927-1053-passer1-normal,H-2017-2021-r7886,pending,,,HT-2dbdc40974,Mésange indéterminée — Paridae sp.
HT-c034b48a4057e903,Passereau indéterminé,avibase-CFD25837,remark,25 x mesanges,1,25,25.0,2017-09-26,2017-09-26,whole_count_candidate,Passeriformes sp.,avibase-399FA405,parid sp.,Paridae sp.,parid1,,Paridae sp.; no species inferred.,False,H-2017-2021-r7424,N-20170926-0912-passer1-normal,H-2017-2021-r7424,pending,,,HT-2dbdc40974,Mésange indéterminée — Paridae sp.
HT-c0be66ef3728b64e,Mouette indéterminée,avibase-8D04DAAF,remark,Rieuse/melanocephale,1,34,,2021-08-12,2021-08-12,whole_count_candidate,Larinae sp.,,,,,,Unresolved Black-headed/Mediterranean Gull set; no species or hybrid inference.,False,H-2017-2021-r64524,N-20210812-1008-larus-normal,H-2017-2021-r64524,pending,,,HT-4adf1c2e68,Identification collective à préciser
HT-c19816619cbd086e,Passereau indéterminé,avibase-CFD25837,remark,22 x mésanges,1,22,22.0,2017-09-27,2017-09-27,whole_count_candidate,Passeriformes sp.,avibase-399FA405,parid sp.,Paridae sp.,parid1,,Paridae sp.; no species inferred.,False,H-2017-2021-r7909,N-20170927-1129-passer1-normal,H-2017-2021-r7909,pending,,,HT-2dbdc40974,Mésange indéterminée — Paridae sp.
HT-c27729ed59f0c8c7,Rapace indéterminé,avibase-0C24147B,remark,épervier \ autour,1,1,,2019-11-06,2019-11-06,context_review,Accipitriformes/Falconiformes sp.,,,,,,,False,H-2017-2021-r50069,N-20191106-1221-diurap1-normal,H-2017-2021-r50069,pending,,,HT-f8e7705540,
HT-ccbbe345aa329807,Passereau indéterminé,avibase-CFD25837,remark,2 x bruants,1,2,2.0,2017-10-10,2017-10-10,whole_count_candidate,Passeriformes sp.,avibase-869B5DF7,Emberiza sp.,Emberiza sp.,emberi1,,Emberiza sp.; confirm the intended Old World bunting scope.,False,H-2017-2021-r13001,N-20171010-1553-passer1-normal,H-2017-2021-r13001,pending,,,HT-ad35e8d0dd,Emberiza sp.
HT-d308d81513afd9e0,Pigeon indéterminé,avibase-F837F893,remark,mélange colombiens/ramier,1,200,,2021-10-11,2021-10-11,whole_count_candidate,Columba sp.,,,,,,Mixed taxa without subgroup quantities; retain current group pending review.,False,H-2017-2021-r74804,N-20211011-1657-columb1-normal,H-2017-2021-r74804,pending,,,HT-8ce661f314,Identification collective à préciser
HT-d34c14c43899e0a0,Passereau indéterminé,avibase-CFD25837,remark,berg sp.,2,8,,2020-09-24,2020-10-05,whole_count_candidate,Passeriformes sp.,avibase-F8FCE84A,wagtail sp.,Motacilla sp.,wagtai1,,"Motacilla sp.; confirm abbreviation, not a yellow-wagtail species inference.",False,H-2017-2021-r56074,N-20200924-1050-passer1-normal,H-2017-2021-r56074 | H-2017-2021-r57303,pending,,,HT-5075fdd34d,Motacilla sp.
HT-d763205212199606,Passereau indéterminé,avibase-CFD25837,remark,2 x mésanges,3,6,6.0,2017-09-26,2017-09-27,whole_count_candidate,Passeriformes sp.,avibase-399FA405,parid sp.,Paridae sp.,parid1,,Paridae sp.; no species inferred.,False,H-2017-2021-r7526,N-20170926-1009-passer1-normal,H-2017-2021-r7526 | H-2017-2021-r7592 | H-2017-2021-r7889,pending,,,HT-2dbdc40974,Mésange indéterminée — Paridae sp.
HT-d77cd95447dc933c,Hibou des marais,avibase-8F123A11,remark,"DONNÉE INUTILISABLE – HOMOLOGATION REFUSÉE  PAR LE CHR EN JUIN 2018 POUR LES RAISONS SUIVANTES : La description  ne permet pas d’exclure avec certitude un hibou moyen-duc, qui peut parfois aussi voler en plein jour.",1,1,,2017-09-19,2017-09-19,context_review,Asio flammeus,,,,,,,False,H-2017-2021-r4737,N-20170919-1533-sheowl-normal,H-2017-2021-r4737,pending,,,HT-3673c02ced,
HT-d9265927e60911a1,Merle / Grive indéterminé,avibase-690E6849,remark,merle sp,1,4,,2017-10-23,2017-10-23,whole_count_candidate,Turdus sp.,avibase-690E6849,Turdus sp.,Turdus sp.,turdus1,,Turdus sp.; merle/grive wording does not identify a species.,True,H-2017-2021-r17317,N-20171023-0933-turdus1-normal,H-2017-2021-r17317,pending,,,HT-a8401beec8,Merle / Grive indéterminé — Turdus sp.
HT-da60443028262c39,Passereau indéterminé,avibase-CFD25837,remark,9 x mésanges,2,18,18.0,2017-09-26,2017-09-26,whole_count_candidate,Passeriformes sp.,avibase-399FA405,parid sp.,Paridae sp.,parid1,,Paridae sp.; no species inferred.,False,H-2017-2021-r7487,N-20170926-0950-passer1-normal,H-2017-2021-r7487 | H-2017-2021-r7534,pending,,,HT-2dbdc40974,Mésange indéterminée — Paridae sp.
HT-db1ef2c5451c13b6,Rapace indéterminé,avibase-0C24147B,remark,épervier ou autour,1,1,,2018-09-07,2018-09-07,whole_count_candidate,Accipitriformes/Falconiformes sp.,avibase-3598C8A6,Eurasian Sparrowhawk/Eurasian Goshawk,Accipiter nisus/Astur gentilis,y00392,,Existing Eurasian Goshawk/Eurasian Sparrowhawk identification set; confirm source scope.,False,H-2017-2021-r22789,N-20180907-1514-diurap1-normal,H-2017-2021-r22789,pending,,,HT-2d1d7528fa,Autour / Epervier — Accipiter nisus/Astur gentilis
HT-dc29d70d8c4fe4a6,Rapace indéterminé,avibase-0C24147B,remark,faucon/epervier,4,4,,2021-09-12,2021-10-12,whole_count_candidate,Accipitriformes/Falconiformes sp.,,,,,,Unresolved falcon/sparrowhawk or Accipiter/Falco set; no exact pinned concept established.,False,H-2017-2021-r66702,N-20210912-1619-diurap1-normal,H-2017-2021-r66702 | H-2017-2021-r68671 | H-2017-2021-r73425 | H-2017-2021-r75121,pending,,,HT-b7f75e3ed9,Identification collective à préciser
HT-df3663de3d9d089a,Aigle indéterminé (Aquila),avibase-7E9CC505,remark,"Repérer bas et loin vers le Salève en train de cercler harceler par deux buses. Grand aigle, doigt bien digité assez rectangulaire (plus que chez le royal), queue longue, cercle avec les ailes a plats, croupion (base de la queue) blanc, présentant des couvertures claires, plumes de corps et sous-ailaire clair également. Obs malheureusement trop loin pour avoir plus de détail sur le plumage ou une photo. Observer 5 min en train de monter avant qu'il ne gloups dans un nuage bas. [Aigle impérial probable]",1,1,,2020-08-29,2020-08-29,context_review,Aquila sp.,,,,,,,False,H-2017-2021-r53946,N-20200829-1502-aquila1-normal,H-2017-2021-r53946,pending,,,HT-c9600cf195,
HT-e4b6d71b65693c19,Passereau indéterminé,avibase-CFD25837,remark,berge SP.,1,3,,2021-09-30,2021-09-30,whole_count_candidate,Passeriformes sp.,avibase-F8FCE84A,wagtail sp.,Motacilla sp.,wagtai1,,"Motacilla sp.; confirm abbreviation, not a yellow-wagtail species inference.",False,H-2017-2021-r70622,N-20210930-1345-passer1-normal,H-2017-2021-r70622,pending,,,HT-5075fdd34d,Motacilla sp.
HT-e5067c8c2571fd4b,Passereau indéterminé,avibase-CFD25837,remark,alouette sp,1,14,,2017-10-13,2017-10-13,whole_count_candidate,Passeriformes sp.,avibase-20C23C74,lark sp.,Alaudidae sp.,lark1,,Alaudidae sp.,False,H-2017-2021-r14113,N-20171013-1326-passer1-normal,H-2017-2021-r14113,pending,,,HT-1e58d2fa5c,Alouette indéterminée — Alaudidae sp.
HT-e73bca5278cf1197,Rémiz penduline,avibase-F81EB049,remark,Pas vue car en train de compter un flux de buses et Milans.,1,1,,2021-10-12,2021-10-12,context_review,Remiz pendulinus,,,,,,,False,H-2017-2021-r75097,N-20211012-1326-euptit1-normal,H-2017-2021-r75097,pending,,,HT-f308fa0f4c,
HT-e82a0b03ea1e0a9f,Passereau indéterminé,avibase-CFD25837,remark,1 Pipit sp.,2,2,2.0,2019-11-05,2019-11-13,whole_count_candidate,Passeriformes sp.,avibase-AD6E9B95,pipit sp.,Anthus sp.,pipit1,,Anthus sp.; ppt abbreviation requires confirmation.,False,H-2017-2021-r49657,N-20191105-1043-passer1-normal,H-2017-2021-r49657 | H-2017-2021-r51888,pending,,,HT-f6f55e346c,Pipit indéterminé — Anthus sp.
HT-ef452481abc4e8a0,Limicole indéterminé,avibase-7FC8B7ED,remark,bécasseaux sp type variable/ sandering.,1,13,,2020-10-03,2020-10-03,context_review,Charadriiformes sp. (shorebird sp.),,,,,,,False,H-2017-2021-r56893,N-20201003-0855-shoreb1-normal,H-2017-2021-r56893,pending,,,HT-65b769c045,
HT-f3666555129eaedc,Passereau indéterminé,avibase-CFD25837,remark,ppt sp,1,1,,2020-10-09,2020-10-09,whole_count_candidate,Passeriformes sp.,avibase-AD6E9B95,pipit sp.,Anthus sp.,pipit1,,Anthus sp.; ppt abbreviation requires confirmation.,False,H-2017-2021-r58259,N-20201009-1413-passer1-normal,H-2017-2021-r58259,pending,,,HT-f6f55e346c,Pipit indéterminé — Anthus sp.
HT-f818891b581c4d1c,Grive musicienne,avibase-D929EB21,comment,Grive sp.,5,20,,2014-10-10,2014-10-12,whole_count_candidate,Turdus philomelos,avibase-690E6849,Turdus sp.,Turdus sp.,turdus1,,Turdus sp.; merle/grive wording does not identify a species.,False,H-2014-2016-r2947,S-20141010-0800-sonthr1-normal,H-2014-2016-r2947 | H-2014-2016-r2953 | H-2014-2016-r2972 | H-2014-2016-r3006 | H-2014-2016-r3060,pending,,,HT-73948cb45c,Merle / Grive indéterminé — Turdus sp.
HT-f9e6957b9b1c1fea,Pigeon ramier,avibase-760F307A,remark,Avec 5 Pigeons colombins.,1,1,,2019-09-21,2019-09-21,context_review,Columba palumbus,,,,,,,False,H-2017-2021-r39074,N-20190921-1034-cowpig1-normal,H-2017-2021-r39074,pending,,,HT-075e952541,
HT-f9f4c367edecea2e,Passereau indéterminé,avibase-CFD25837,remark,6xmesanges,1,6,6.0,2017-09-26,2017-09-26,whole_count_candidate,Passeriformes sp.,avibase-399FA405,parid sp.,Paridae sp.,parid1,,Paridae sp.; no species inferred.,False,H-2017-2021-r7430,N-20170926-0915-passer1-normal,H-2017-2021-r7430,pending,,,HT-2dbdc40974,Mésange indéterminée — Paridae sp.
HT-fe46e8aa97f425fa,Héron cendré,avibase-6429024D,remark,héron sp,1,41,,2018-09-04,2018-09-04,whole_count_candidate,Ardea cinerea,avibase-4D321548,heron sp.,Ardeidae sp.,heron1,,Ardeidae sp.; source species identification is broader in remark.,False,H-2017-2021-r22393,N-20180904-1010-graher1-normal,H-2017-2021-r22393,pending,,,HT-6f8ebfad56,Ardeidae sp.
HT-fe6b027f28f387f6,Pipit indéterminé,avibase-AD6E9B95,remark,mélange farlouse/arbr e,1,7,,2021-10-02,2021-10-02,whole_count_candidate,Anthus sp.,,,,,,Mixed taxa without subgroup quantities; retain current group pending review.,False,H-2017-2021-r71067,N-20211002-0746-pipit1-normal,H-2017-2021-r71067,pending,,,HT-fd7581c90d,Identification collective à préciser
HT-fe7df338ae0b566d,Rapace indéterminé,avibase-0C24147B,remark,Crécerelle/épervier,2,5,,2021-09-30,2021-09-30,whole_count_candidate,Accipitriformes/Falconiformes sp.,,,,,avibase-2DAB45B8 | avibase-DB376A66,Unresolved Kestrel/Sparrowhawk set; no species assignment.,False,H-2017-2021-r70681,N-20210930-1523-diurap1-normal,H-2017-2021-r70681 | H-2017-2021-r70693,pending,,,HT-405cce0247,Identification collective à préciser
HT-feb1be591b5c9131,Rapace indéterminé,avibase-0C24147B,remark,Falco/accipiter,1,1,,2021-10-04,2021-10-04,whole_count_candidate,Accipitriformes/Falconiformes sp.,,,,,,Unresolved falcon/sparrowhawk or Accipiter/Falco set; no exact pinned concept established.,False,H-2017-2021-r71475,N-20211004-1636-diurap1-normal,H-2017-2021-r71475,pending,,,HT-b7f75e3ed9,Identification collective à préciser
HT-ff4b287b94b91733,Héron garde-boeufs,avibase-AB1CB216,remark,Migre avec 6 Grandes Aigrettes.,1,1,,2019-10-13,2019-10-13,context_review,Ardea ibis,,,,,,,False,H-2017-2021-r43650,N-20191013-0804-categr1-normal,H-2017-2021-r43650,pending,,,HT-9ba422ed84,
