year,species,pdf_page
2004,Aigle botté,2
2004,Aigle royal,2
2004,Alouette lulu,2
2004,Balbuzard pêcheur,2
2004,Bihoreau gris,2
2004,Bondrée apivore,2
2004,Busard Saint-Martin,2
2004,Busard cendré,2
2004,Busard des roseaux,2
2004,Busard indéterminé,2
2004,Buse variable,2
2004,Canard pilet,2
2004,Canard siffleur,2
2004,Choucas des tours,2
2004,Cigogne blanche,2
2004,Cigogne noire,2
2004,Circaète Jean-le-Blanc,2
2004,Courlis cendré,2
2004,Courlis corlieu,2
2004,Faucon crécerelle,2
2004,Faucon hobereau,2
2004,Faucon indéterminé,2
2004,Faucon émerillon,2
2004,Goéland brun,2
2004,Goéland leucophée,2
2004,Grand Cormoran,2
2004,Grande Aigrette,2
2004,Grue cendrée,2
2004,Hibou des marais,2
2004,Héron cendré,2
2004,Limicoles indéterminés,2
2004,Milan noir,2
2004,Milan royal,2
2004,Mouette mélanocéphale,2
2004,Pigeon colombin,2
2004,Pigeon ramier,2
2004,Sterne caspienne,2
2004,Tourterelle des bois,2
2004,Vanneau huppé,2
2004,Voilier indéterminé,2
2005,Aigle botté,2
2005,Aigle criard,2
2005,Aigle pomarin,2
2005,Aigle royal,2
2005,Alouette lulu,2
2005,Autour des palombes,2
2005,Balbuzard pêcheur,2
2005,Bihoreau gris,2
2005,Bondrée apivore,2
2005,Busard Saint-Martin,2
2005,Busard cendré,2
2005,Busard des roseaux,2
2005,Busard indéterminé,2
2005,Buse variable,2
2005,Bécassine des marais,2
2005,Canard pilet,2
2005,Chevalier gambette,2
2005,Choucas des tours,2
2005,Cigogne blanche,2
2005,Cigogne noire,2
2005,Circaète Jean-le-Blanc,2
2005,Courlis cendré,2
2005,Faucon crécerelle,2
2005,Faucon hobereau,2
2005,Faucon indéterminé,2
2005,Faucon pèlerin,2
2005,Faucon émerillon,2
2005,Geai des chênes,2
2005,Goéland brun,2
2005,Goéland leucophée,2
2005,Grand Cormoran,2
2005,Grande Aigrette,2
2005,Grue cendrée,2
2005,Harle bièvre,2
2005,Héron cendré,2
2005,Labbe pomarin,2
2005,Limicoles indéterminés,2
2005,Milan noir,2
2005,Milan royal,2
2005,Mouette mélanocéphale,2
2005,Mouette pygmée,2
2005,Oie cendrée,2
2005,Pigeon colombin,2
2005,Pigeon ramier,2
2005,Tadorne casarca,2
2005,Tadorne de Belon,2
2005,Vanneau huppé,2
2005,Voilier indéterminé,2
2006,Aigle botté,2
2006,Aigle royal,2
2006,Alouette lulu,2
2006,Balbuzard pêcheur,2
2006,Bihoreau gris,2
2006,Bondrée apivore,2
2006,Busard Saint-Martin,2
2006,Busard cendré,2
2006,Busard des roseaux,2
2006,Busard indéterminé,2
2006,Buse variable,2
2006,Bécassine des marais,2
2006,Canard colvert,2
2006,Canard indéterminé,2
2006,Chevalier aboyeur,2
2006,Choucas des tours,2
2006,Cigogne blanche,2
2006,Cigogne noire,2
2006,Circaète Jean-le-Blanc,2
2006,Courlis corlieu,2
2006,Faucon crécerelle,2
2006,Faucon hobereau,2
2006,Faucon indéterminé,2
2006,Faucon émerillon,2
2006,Goéland brun,2
2006,Grand Cormoran,2
2006,Grand Gravelot,2
2006,Grande Aigrette,2
2006,Grue cendrée,2
2006,Harle huppé,2
2006,Héron cendré,2
2006,Labbe indéterminé,2
2006,Labbe à longue queue,2
2006,Limicoles indéterminés,2
2006,Martinet noir,2
2006,Milan noir,2
2006,Milan royal,2
2006,Mouette mélanocéphale,2
2006,Mouette tridactyle,2
2006,Oie cendrée,2
2006,Pigeon colombin,2
2006,Pigeon ramier,2
2006,Tadorne casarca,2
2006,Tadorne de Belon,2
2006,Voilier indéterminé,2
2007,Aigle botté,2
2007,Aigle pomarin,2
2007,Aigle royal,2
2007,Autour des palombes,2
2007,Balbuzard pêcheur,2
2007,Bihoreau gris,2
2007,Bondrée apivore,2
2007,Busard Saint-Martin,2
2007,Busard cendré,2
2007,Busard des roseaux,2
2007,Busard indéterminé,2
2007,Buse variable,2
2007,Canard indéterminé,2
2007,Canard pilet,2
2007,Chevalier aboyeur,2
2007,Choucas des tours,2
2007,Cigogne blanche,2
2007,Cigogne noire,2
2007,Courlis cendré,2
2007,Faucon crécerelle,2
2007,Faucon hobereau,2
2007,Faucon indéterminé,2
2007,Goéland leucophée,2
2007,Grand Cormoran,2
2007,Grande Aigrette,2
2007,Grue cendrée,2
2007,Harle bièvre,2
2007,Huîtrier pie,2
2007,Héron cendré,2
2007,Labbe indéterminé,2
2007,Labbe à longue queue,2
2007,Limicoles indéterminés,2
2007,Milan noir,2
2007,Milan royal,2
2007,Mouette tridactyle,2
2007,Pigeon colombin,2
2007,Pigeon ramier,2
2007,Pluvier doré,2
2007,Vanneau huppé,2
2007,Vautour fauve,2
2007,Voilier indéterminé,2
2008,Accenteur mouchet,12
2008,Aigle pomarin,9
2008,Aigle royal,9
2008,Aigrette garzette,11
2008,Alouette des champs,12
2008,Alouette lulu,12
2008,Autour des palombes,9
2008,Balbuzard pêcheur,9
2008,Bec-croisé des sapins,12
2008,Bergeronnette des ruisseaux,12
2008,Bergeronnette grise,12
2008,Bergeronnette printanière,12
2008,Bondrée apivore,9
2008,Bruant des roseaux,12
2008,Bruant jaune,12
2008,Busard Saint-Martin,9
2008,Busard cendré,9
2008,Busard des roseaux,9
2008,Busard indéterminé,9
2008,Buse variable,9
2008,Bécassine des marais,11
2008,Canard colvert,11
2008,Cassenoix moucheté,12
2008,Chardonneret élégant,12
2008,Chevalier aboyeur,11
2008,Chevalier gambette,11
2008,Chevalier sylvain,11
2008,Choucas des tours,12
2008,Cigogne blanche,11
2008,Cigogne noire,11
2008,Circaète Jean-le-Blanc,9
2008,Cisticole des joncs,12
2008,Corbeau freux,12
2008,Corneille noire,12
2008,Courlis cendré,11
2008,Courlis corlieu,11
2008,Faucon crécerelle,9
2008,Faucon hobereau,9
2008,Faucon indéterminé,9
2008,Faucon pèlerin,9
2008,Faucon émerillon,9
2008,Geai des chênes,12
2008,Goéland brun,11
2008,Goéland leucophée,11
2008,Grand Cormoran,11
2008,Grive draine,12
2008,Grive litorne,12
2008,Grive mauvis,12
2008,Grive musicienne,12
2008,Grosbec casse-noyaux,12
2008,Grue cendrée,11
2008,Harle bièvre,11
2008,Hirondelle de fenêtre,12
2008,Hirondelle de rivage,12
2008,Hirondelle de rochers,12
2008,Hirondelle indéterminée,12
2008,Hirondelle rustique,12
2008,Héron cendré,11
2008,Héron pourpré,11
2008,Labbe indéterminé,11
2008,Limicole indéterminé,11
2008,Linotte mélodieuse,12
2008,Martinet noir,12
2008,Merle noir,12
2008,Milan noir,9
2008,Milan royal,9
2008,Mouette mélanocéphale,11
2008,Mouette rieuse,11
2008,Mésange bleue,12
2008,Mésange charbonnière,12
2008,Mésange noire,12
2008,Mésange à longue queue,12
2008,Passereau indéterminé,12
2008,Pic noir,12
2008,Pigeon biset domestique,11
2008,Pigeon colombin,11
2008,Pigeon ramier,11
2008,Pinson des arbres,12
2008,Pipit des arbres,12
2008,Pipit farlouse,12
2008,Pipit rousseline,12
2008,Pluvier doré,11
2008,Pygargue à queue blanche,9
2008,Pélican blanc,11
2008,Rapace indéterminé,9
2008,Roitelet huppé,12
2008,Rougequeue noir,12
2008,Rémiz penduline,12
2008,Serin cini,12
2008,Spatule blanche,11
2008,Tarin des aulnes,12
2008,Tichodrome échelette,12
2008,Vanneau huppé,11
2008,Vautour fauve,9
2008,Verdier d'Europe,12
2009,Aigle botté,9
2009,Aigle criard,9
2009,Aigrette garzette,11
2009,Alouette des champs,12
2009,Alouette lulu,12
2009,Autour des palombes,9
2009,Balbuzard pêcheur,9
2009,Bergeronnette des ruisseaux,12
2009,Bergeronnette grise,12
2009,Bergeronnette printanière,12
2009,Bondrée apivore,9
2009,Bruant des roseaux,12
2009,Busard Saint-Martin,9
2009,Busard cendré,9
2009,Busard des roseaux,9
2009,Busard pâle,9
2009,Buse variable,9
2009,Bécassine des marais,11
2009,Canard pilet,11
2009,Chardonneret élégant,12
2009,Choucas des tours,12
2009,Cigogne blanche,11
2009,Cigogne noire,11
2009,Circaète Jean-le-Blanc,9
2009,Combattant varié,11
2009,Corbeau freux,12
2009,Courlis cendré,11
2009,Courlis corlieu,11
2009,Faucon crécerelle,9
2009,Faucon hobereau,9
2009,Faucon indéterminé,9
2009,Faucon kobez,9
2009,Faucon pèlerin,9
2009,Faucon émerillon,9
2009,Goéland leucophée,11
2009,Grand Cormoran,11
2009,Grive draine,12
2009,Grive mauvis,12
2009,Grive musicienne,12
2009,Grosbec casse-noyaux,12
2009,Grue cendrée,11
2009,Harle bièvre,11
2009,Hirondelle de fenêtre,12
2009,Hirondelle de rivage,12
2009,Hirondelle indéterminée,12
2009,Hirondelle rustique,12
2009,Héron cendré,11
2009,Labbe à longue queue,11
2009,Linotte mélodieuse,12
2009,Macreuse noire,11
2009,Martinet noir,12
2009,Merle noir,12
2009,Merle à plastron,12
2009,Milan noir,9
2009,Milan royal,9
2009,Mouette mélanocéphale,11
2009,Mouette rieuse,11
2009,Mésange bleue,12
2009,Oie cendrée,11
2009,Passereau indéterminé,12
2009,Pigeon biset domestique,11
2009,Pigeon colombin,11
2009,Pigeon ramier,11
2009,Pinson des arbres,12
2009,Pipit des arbres,12
2009,Pipit rousseline,12
2009,Pipit spioncelle,12
2009,Rapace indéterminé,9
2009,Rémiz penduline,12
2009,Serin cini,12
2009,Tarin des aulnes,12
2009,Vanneau huppé,11
2009,Vautour fauve,9
2010,Aigle botté,9
2010,Aigle criard,9
2010,Aigle pomarin,9
2010,Aigle royal,9
2010,Aigrette garzette,11
2010,Alouette des champs,12
2010,Alouette lulu,12
2010,Autour des palombes,9
2010,Balbuzard pêcheur,9
2010,Bergeronnette des ruisseaux,12
2010,Bergeronnette grise,12
2010,Bergeronnette printanière,12
2010,Bondrée apivore,9
2010,Bruant des roseaux,12
2010,Busard Saint-Martin,9
2010,Busard cendré,9
2010,Busard des roseaux,9
2010,Busard indéterminé,9
2010,Buse variable,9
2010,Canard chipeau,11
2010,Chardonneret élégant,12
2010,Chevalier aboyeur,11
2010,Chevalier sylvain,11
2010,Choucas des tours,12
2010,Cigogne blanche,11
2010,Cigogne noire,11
2010,Circaète Jean-le-Blanc,9
2010,Corbeau freux,12
2010,Courlis cendré,11
2010,Courlis corlieu,11
2010,Faucon crécerelle,9
2010,Faucon hobereau,9
2010,Faucon indéterminé,9
2010,Faucon pèlerin,9
2010,Faucon émerillon,9
2010,Geai des chênes,12
2010,Goéland cendré,11
2010,Goéland leucophée,11
2010,Grand Cormoran,11
2010,Grive draine,12
2010,Grive mauvis,12
2010,Grive musicienne,12
2010,Grosbec casse-noyaux,12
2010,Grue cendrée,11
2010,Harle bièvre,11
2010,Hirondelle de fenêtre,12
2010,Hirondelle de rivage,12
2010,Hirondelle de rochers,12
2010,Hirondelle indéterminée,12
2010,Hirondelle rustique,12
2010,Héron cendré,11
2010,Labbe indéterminé,11
2010,Linotte mélodieuse,12
2010,Loriot d'Europe,12
2010,Martinet noir,12
2010,Milan noir,9
2010,Milan royal,9
2010,Mouette mélanocéphale,11
2010,Mouette rieuse,11
2010,Mésange bleue,12
2010,Mésange charbonnière,12
2010,Mésange noire,12
2010,Oie cendrée,11
2010,Passereau indéterminé,12
2010,Pic noir,12
2010,Pie bavarde,12
2010,Pigeon colombin,11
2010,Pigeon ramier,11
2010,Pinson des arbres,12
2010,Pipit des arbres,12
2010,Pipit farlouse,12
2010,Pipit rousseline,12
2010,Pipit spioncelle,12
2010,Pluvier doré,11
2010,Rapace indéterminé,9
2010,Serin cini,12
2010,Tarin des aulnes,12
2010,Verdier d'Europe,12
2011,Alouette des champs,13
2011,Alouette lulu,13
2011,Autour des palombes,10
2011,Balbuzard pêcheur,10
2011,Barge rousse,12
2011,Bergeronnette des ruisseaux,13
2011,Bergeronnette grise,13
2011,Bergeronnette printanière,13
2011,Bondrée apivore,10
2011,Bruant des roseaux,13
2011,Busard Saint-Martin,10
2011,Busard cendré,10
2011,Busard des roseaux,10
2011,Busard indéterminé,10
2011,Buse pattue,10
2011,Buse variable,10
2011,Bécassine des marais,12
2011,Canard pilet,12
2011,Chardonneret élégant,13
2011,Choucas des tours,13
2011,Cigogne blanche,12
2011,Cigogne noire,12
2011,Circaète Jean-le-Blanc,10
2011,Combattant varié,12
2011,Corbeau freux,13
2011,Courlis cendré,12
2011,Courlis corlieu,12
2011,Faucon crécerelle,10
2011,Faucon hobereau,10
2011,Faucon indéterminé,10
2011,Faucon pèlerin,10
2011,Faucon émerillon,10
2011,Fuligule milouin,12
2011,Goéland leucophée,12
2011,Grand Cormoran,12
2011,Grive draine,13
2011,Grive musicienne,13
2011,Grosbec casse-noyaux,13
2011,Grue cendrée,12
2011,Guêpier d'Europe,13
2011,Harle bièvre,12
2011,Hirondelle de fenêtre,13
2011,Hirondelle de rivage,13
2011,Hirondelle indéterminée,13
2011,Hirondelle rustique,13
2011,Héron cendré,12
2011,Héron pourpré,12
2011,Labbe indéterminé,12
2011,Labbe parasite,12
2011,Linotte mélodieuse,13
2011,Loriot d'Europe,13
2011,Martinet noir,13
2011,Milan noir,10
2011,Milan royal,10
2011,Mouette mélanocéphale,12
2011,Mouette rieuse,12
2011,Mésange bleue,13
2011,Oie cendrée,12
2011,Passereau indéterminé,13
2011,Pigeon colombin,12
2011,Pigeon ramier,12
2011,Pinson des arbres,13
2011,Pipit des arbres,13
2011,Pipit farlouse,13
2011,Pipit rousseline,13
2011,Rapace indéterminé,10
2011,Serin cini,13
2011,Tarin des aulnes,13
2011,Tourterelle turque,12
2011,Vanneau huppé,12
2011,Vautour fauve,10
2011,Verdier d'Europe,13
2012,Accenteur mouchet,13
2012,Aigle criard,10
2012,Alouette des champs,12
2012,Alouette lulu,12
2012,Autour des palombes,10
2012,Balbuzard pêcheur,10
2012,Bergeronnette des ruisseaux,13
2012,Bergeronnette printanière,13
2012,Bondrée apivore,10
2012,Bruant des roseaux,13
2012,Bruant jaune,13
2012,Bruant ortolan,13
2012,Busard Saint-Martin,10
2012,Busard cendré,10
2012,Busard des roseaux,10
2012,Buse variable,10
2012,Bécassine des marais,12
2012,Canard colvert,12
2012,Canard pilet,12
2012,Chardonneret élégant,13
2012,Choucas des tours,13
2012,Cigogne blanche,12
2012,Cigogne noire,12
2012,Circaète Jean-le-Blanc,10
2012,Corbeau freux,13
2012,Courlis cendré,12
2012,Courlis corlieu,12
2012,Faucon crécerelle,10
2012,Faucon hobereau,10
2012,Faucon indéterminé,10
2012,Faucon pèlerin,10
2012,Faucon émerillon,10
2012,Fuligule milouin,12
2012,Geai des chênes,13
2012,Goéland cendré,12
2012,Goéland leucophée,12
2012,Grand Cormoran,12
2012,Grande Aigrette,12
2012,Grive draine,13
2012,Grive mauvis,13
2012,Grive musicienne,13
2012,Grosbec casse-noyaux,13
2012,Grue cendrée,12
2012,Harle bièvre,12
2012,Hibou des marais,10
2012,Hirondelle de fenêtre,13
2012,Hirondelle de rivage,13
2012,Hirondelle de rochers,13
2012,Hirondelle rustique,13
2012,Héron cendré,12
2012,Héron pourpré,12
2012,Linotte mélodieuse,13
2012,Martinet noir,12
2012,Martinet à ventre blanc,12
2012,Merle noir,13
2012,Milan noir,10
2012,Milan royal,10
2012,Mouette mélanocéphale,12
2012,Mouette rieuse,12
2012,Mésange bleue,13
2012,Mésange charbonnière,13
2012,Mésange noire,13
2012,Oie cendrée,12
2012,Oie indéterminée,12
2012,Passereau indéterminé,13
2012,Pic épeiche,12
2012,Pigeon colombin,12
2012,Pigeon ramier,12
2012,Pinson des arbres,13
2012,Pinson du Nord,13
2012,Pipit des arbres,13
2012,Pipit farlouse,13
2012,Pipit spioncelle,13
2012,Pélican blanc,12
2012,Rapace indéterminé,10
2012,Rémiz penduline,13
2012,Sarcelle d'hiver,12
2012,Serin cini,13
2012,Sittelle torchepot,13
2012,Tarin des aulnes,13
2012,Vanneau huppé,12
2012,Vautour fauve,10
2012,Verdier d'Europe,13
2013,Accenteur mouchet,15
2013,Aigle criard,12
2013,Aigle des steppes,12
2013,Aigle pomarin,12
2013,Aigle royal,12
2013,Aigrette garzette,14
2013,Alouette des champs,15
2013,Alouette lulu,15
2013,Autour des palombes,12
2013,Balbuzard pêcheur,12
2013,Bec-croisé des sapins,15
2013,Bergeronnette des ruisseaux,15
2013,Bergeronnette grise,15
2013,Bergeronnette printanière,15
2013,Bondrée apivore,12
2013,Bruant des roseaux,15
2013,Busard Saint-Martin,12
2013,Busard cendré,12
2013,Busard des roseaux,12
2013,Busard pâle,12
2013,Buse variable,12
2013,Canard chipeau,14
2013,Canard colvert,14
2013,Canard pilet,14
2013,Chardonneret élégant,15
2013,Chevalier aboyeur,14
2013,Choucas des tours,15
2013,Cigogne blanche,14
2013,Cigogne noire,14
2013,Circaète Jean-le-Blanc,12
2013,Corbeau freux,15
2013,Courlis cendré,14
2013,Courlis corlieu,14
2013,Faucon crécerelle,12
2013,Faucon hobereau,12
2013,Faucon indéterminé,12
2013,Faucon pèlerin,12
2013,Faucon émerillon,12
2013,Goéland leucophée,14
2013,Grand Cormoran,14
2013,Grand Gravelot,14
2013,Grande Aigrette,14
2013,Grive draine,15
2013,Grive mauvis,15
2013,Grive musicienne,15
2013,Grosbec casse-noyaux,15
2013,Grue cendrée,14
2013,Guêpier d'Europe,15
2013,Harle bièvre,14
2013,Hirondelle de fenêtre,15
2013,Hirondelle de rivage,15
2013,Hirondelle de rochers,15
2013,Hirondelle indéterminée,15
2013,Hirondelle rustique,15
2013,Héron cendré,14
2013,Héron garde-boeufs,14
2013,Héron pourpré,14
2013,Labbe indéterminé,14
2013,Labbe parasite,14
2013,Limicole indéterminé,14
2013,Linotte mélodieuse,15
2013,Martinet noir,15
2013,Martinet à ventre blanc,15
2013,Milan noir,12
2013,Milan royal,12
2013,Mouette rieuse,14
2013,Mésange bleue,15
2013,Oie cendrée,14
2013,Oie indéterminée,14
2013,Passereau indéterminé,15
2013,Pigeon biset domestique,15
2013,Pigeon colombin,15
2013,Pigeon ramier,15
2013,Pinson des arbres,15
2013,Pinson du Nord,15
2013,Pipit des arbres,15
2013,Pipit farlouse,15
2013,Pipit rousseline,15
2013,Pluvier doré,14
2013,Rapace indéterminé,12
2013,Sarcelle d'hiver,14
2013,Serin cini,15
2013,Tarin des aulnes,15
2013,Vanneau huppé,14
2013,Vautour fauve,12
2013,Verdier d'Europe,15
2014,Accenteur mouchet,13
2014,Aigle criard,10
2014,Aigle pomarin,10
2014,Alouette des champs,13
2014,Alouette lulu,13
2014,Autour des palombes,10
2014,Balbuzard pêcheur,10
2014,Bergeronnette des ruisseaux,13
2014,Bergeronnette grise,13
2014,Bergeronnette printanière,13
2014,Bondrée apivore,10
2014,Bouvreuil pivoine,13
2014,Bruant des roseaux,13
2014,Bruant ortolan,13
2014,Busard Saint-Martin,10
2014,Busard cendré,10
2014,Busard des roseaux,10
2014,Busard pâle,10
2014,Buse variable,10
2014,Bécasseau variable,12
2014,Bécassine des marais,12
2014,Chardonneret élégant,13
2014,Chevalier aboyeur,12
2014,Chevalier guignette,12
2014,Choucas des tours,13
2014,Cigogne blanche,12
2014,Cigogne noire,12
2014,Circaète Jean-le-Blanc,10
2014,Corbeau freux,13
2014,Courlis cendré,12
2014,Courlis corlieu,12
2014,Faucon crécerelle,10
2014,Faucon hobereau,10
2014,Faucon indéterminé,10
2014,Faucon pèlerin,10
2014,Faucon émerillon,10
2014,Goéland leucophée,12
2014,Grand Cormoran,12
2014,Grande Aigrette,12
2014,Grive draine,13
2014,Grive mauvis,13
2014,Grive musicienne,13
2014,Grosbec casse-noyaux,13
2014,Grue cendrée,12
2014,Guêpier d'Europe,13
2014,Harle bièvre,12
2014,Hirondelle de fenêtre,13
2014,Hirondelle de rochers,13
2014,Hirondelle indéterminée,13
2014,Hirondelle rustique,13
2014,Héron cendré,12
2014,Labbe parasite,12
2014,Limicole indéterminé,12
2014,Linotte mélodieuse,13
2014,Martinet noir,13
2014,Martinet à ventre blanc,13
2014,Milan noir,10
2014,Milan royal,10
2014,Mouette rieuse,12
2014,Mésange bleue,13
2014,Mésange noire,13
2014,Oie cendrée,12
2014,Passereau indéterminé,13
2014,Pigeon colombin,13
2014,Pigeon ramier,13
2014,Pinson des arbres,13
2014,Pinson du Nord,13
2014,Pipit des arbres,13
2014,Pipit farlouse,13
2014,Pipit rousseline,13
2014,Pluvier doré,12
2014,Rapace indéterminé,10
2014,Rémiz penduline,13
2014,Serin cini,13
2014,Tarin des aulnes,13
2014,Vanneau huppé,12
2014,Vautour fauve,10
2016,Aigle pomarin,10
2016,Alouette des champs,13
2016,Alouette lulu,13
2016,Autour des palombes,10
2016,Balbuzard pêcheur,10
2016,Bergeronnette des ruisseaux,13
2016,Bergeronnette grise,13
2016,Bergeronnette printanière,13
2016,Bondrée apivore,10
2016,Bruant des roseaux,13
2016,Busard Saint-Martin,10
2016,Busard cendré,10
2016,Busard des roseaux,10
2016,Buse variable,10
2016,Bécassine des marais,12
2016,Bécassine sourde,12
2016,Canard pilet,12
2016,Chardonneret élégant,13
2016,Chevalier aboyeur,12
2016,Choucas des tours,13
2016,Cigogne blanche,12
2016,Cigogne noire,12
2016,Circaète Jean-le-Blanc,10
2016,Corbeau freux,13
2016,Courlis cendré,12
2016,Courlis corlieu,12
2016,Faucon crécerelle,10
2016,Faucon hobereau,10
2016,Faucon indéterminé,10
2016,Faucon pèlerin,10
2016,Faucon émerillon,10
2016,Goéland leucophée,12
2016,Grand Cormoran,12
2016,Grande Aigrette,12
2016,Grive draine,13
2016,Grive musicienne,13
2016,Grosbec casse-noyaux,13
2016,Grue cendrée,12
2016,Guêpier d'Europe,13
2016,Harle bièvre,12
2016,Hirondelle de fenêtre,13
2016,Hirondelle de rivage,13
2016,Hirondelle indéterminée,13
2016,Hirondelle rustique,13
2016,Héron cendré,12
2016,Labbe indéterminé,12
2016,Limicole indéterminé,12
2016,Linotte mélodieuse,13
2016,Martinet noir,13
2016,Martinet à ventre blanc,13
2016,Milan noir,10
2016,Milan royal,10
2016,Mouette rieuse,12
2016,Mésange bleue,13
2016,Mésange noire,13
2016,Oie cendrée,12
2016,Passereau indéterminé,13
2016,Pigeon colombin,13
2016,Pigeon indéterminé,13
2016,Pigeon ramier,13
2016,Pinson des arbres,13
2016,Pinson du Nord,13
2016,Pipit des arbres,13
2016,Pipit farlouse,13
2016,Pipit rousseline,13
2016,Rapace indéterminé,10
2016,Serin cini,13
2016,Sterne caspienne,12
2016,Tarin des aulnes,13
2016,Vanneau huppé,12
2016,Verdier d'Europe,13
2017,Accenteur mouchet,15
2017,Aigle criard,12
2017,Aigle pomarin ou criard,12
2017,Aigrette garzette,15
2017,Alouette des champs,15
2017,Alouette indéterminée,15
2017,Alouette lulu,15
2017,Autour des palombes,12
2017,Balbuzard pêcheur,12
2017,Bec-croisé des sapins,15
2017,Bergeronnette des ruisseaux,15
2017,Bergeronnette grise,15
2017,Bergeronnette printanière,15
2017,Bondrée apivore,12
2017,Bouvreuil pivoine,15
2017,Bruant des roseaux,15
2017,Bruant jaune,15
2017,Busard Saint-Martin,12
2017,Busard cendré,12
2017,Busard des roseaux,12
2017,Busard indétereminé,12
2017,Busard pâle,12
2017,Buse variable,12
2017,Bécassine des marais,15
2017,Canard chipeau,15
2017,Canard pilet,15
2017,Chardonneret élégant,15
2017,Cigogne blanche,15
2017,Cigogne noire,15
2017,Circaète Jean-le-Blanc,12
2017,Combattant varié,15
2017,Courlis cendré,15
2017,Courlis corlieu,15
2017,Faucon crécerelle,12
2017,Faucon hobereau,12
2017,Faucon indéterminé,12
2017,Faucon kobez,12
2017,Faucon pèlerin,12
2017,Faucon émerillon,12
2017,Fauvette à tête noire,15
2017,Geai des chênes,15
2017,Gobemouche noir,15
2017,Goéland brun,15
2017,Goéland indéterminé,15
2017,Goéland leucophée,15
2017,Grand Cormoran,15
2017,Grande Aigrette,15
2017,Grive draine,15
2017,Grive litorne,15
2017,Grive mauvis,15
2017,Grive musicienne,15
2017,Grosbec casse-noyaux,15
2017,Grue cendrée,15
2017,Guêpier d'Europe,15
2017,Hibou des marais,12
2017,Hirondelle de fenêtre,15
2017,Hirondelle de rivage,15
2017,Hirondelle de rochers,15
2017,Hirondelle indéterminée,15
2017,Hirondelle rustique,15
2017,Hybride Aigle criard x pomarin,12
2017,Héron cendré,15
2017,Ibis falcinelle,15
2017,Limicole indéterminé,15
2017,Linotte mélodieuse,15
2017,Martin-pêcheur d'Europe,15
2017,Martinet noir,15
2017,Martinet pâle,15
2017,Martinet à ventre blanc,15
2017,Merle noir,15
2017,Merle à plastron,15
2017,Milan noir,12
2017,Milan royal,12
2017,Moineau friquet,15
2017,Mouette indéterminée,15
2017,Mouette mélanocéphale,15
2017,Mouette pygmée,15
2017,Mouette rieuse,15
2017,Mésange bleue,15
2017,Mésange charbonnière,15
2017,Mésange indéterminée,15
2017,Mésange noire,15
2017,Mésange nonnette,15
2017,Mésange à longue queue,15
2017,Oie cendrée,15
2017,Pigeon colombin,15
2017,Pigeon indéterminé,15
2017,Pigeon ramier,15
2017,Pinson des arbres,15
2017,Pipit des arbres,15
2017,Pipit farlouse,15
2017,Pipit rousseline,15
2017,Pipit spioncelle,15
2017,Pluvier doré,15
2017,Pouillot véloce,15
2017,Pouillot à grands sourcils,15
2017,Pygargue à queue blanche,12
2017,Rapace indéterminé,12
2017,Rougequeue noir,15
2017,Rougequeue à front blanc,15
2017,Rémiz penduline,15
2017,Sittelle torchepot,15
2017,Sizerin cabaret,15
2017,Sterne caspienne,15
2017,Tarier des prés,15
2017,Tarier pâtre,15
2017,Tarin des aulnes,15
2017,Vanneau huppé,15
2017,Verdier d'Europe,15
2018,Accenteur mouchet,15
2018,Aigle pomarin,11
2018,Aigrette garzette,14
2018,Alouette des champs,14
2018,Alouette indéterminée,14
2018,Alouette lulu,14
2018,Balbuzard pêcheur,11
2018,Bec-croisé des sapins,15
2018,Bergeronnette des ruisseaux,15
2018,Bergeronnette grise,15
2018,Bergeronnette printanière,15
2018,Bondrée apivore,11
2018,Bruant des roseaux,15
2018,Busard Saint-Martin,11
2018,Busard cendré,11
2018,Busard des roseaux,11
2018,Busard indéterminé,11
2018,Buse pattue,11
2018,Buse variable,11
2018,Bécassine des marais,14
2018,Canard indéterminé,14
2018,Canard pilet,14
2018,Canard siffleur,14
2018,Chardonneret élégant,15
2018,Chevalier aboyeur,14
2018,Cigogne blanche,14
2018,Cigogne indéterminée,14
2018,Cigogne noire,14
2018,Circaète Jean-le-Blanc,11
2018,Corbeau freux,15
2018,Courlis corlieu,14
2018,Faucon crécerelle,11
2018,Faucon hobereau,11
2018,Faucon indéterminé,11
2018,Faucon émerillon,11
2018,Fauvette à tête noire,15
2018,Goéland brun,14
2018,Goéland indéterminé,14
2018,Goéland leucophée,14
2018,Grand Cormoran,14
2018,Grande Aigrette,14
2018,Grimpereau des jardins,15
2018,Grive draine,15
2018,Grive litorne,15
2018,Grive mauvis,15
2018,Grive musicienne,15
2018,Grosbec casse-noyaux,15
2018,Grue cendrée,14
2018,Guifette noire,14
2018,Guêpier d'Europe,14
2018,Hirondelle de fenêtre,15
2018,Hirondelle de rivage,15
2018,Hirondelle de rochers,15
2018,Hirondelle indéterminée,15
2018,Hirondelle rustique,15
2018,Héron cendré,14
2018,Héron pourpré,14
2018,Ibis falcinelle,14
2018,Linotte mélodieuse,15
2018,Martinet noir,14
2018,Martinet à ventre blanc,14
2018,Merle noir,15
2018,Milan noir,11
2018,Milan royal,11
2018,Moineau friquet,15
2018,Mouette indéterminée,14
2018,Mouette mélanocéphale,14
2018,Mouette pygmée,14
2018,Mouette rieuse,14
2018,Mésange bleue,15
2018,Mésange charbonnière,15
2018,Mésange indéterminée,15
2018,Oie cendrée,14
2018,Passereau indéterminé,15
2018,Pigeon colombin,14
2018,Pigeon indéterminé,14
2018,Pigeon ramier,14
2018,Pinson des arbres,15
2018,Pinson du Nord,15
2018,Pipit des arbres,15
2018,Pipit farlouse,15
2018,Pipit spioncelle,15
2018,Pluvier doré,14
2018,Pouillot véloce,15
2018,Pygargue à queue blanche,11
2018,Rapace indéterminé,11
2018,Roitelet à triple bandeau,15
2018,Rougequeue noir,15
2018,Rémiz penduline,15
2018,Serin cini,15
2018,Sizerin cabaret,15
2018,Sterne caspienne,14
2018,Tarier des prés,15
2018,Tarin des aulnes,15
2018,Tourterelle turque,14
2018,Vanneau huppé,14
2018,Verdier d'Europe,15
2019,Accenteur mouchet,14
2019,Aigle botté,11
2019,Aigle pomarin,11
2019,Aigle royal,11
2019,Alouette calandrelle,14
2019,Alouette des champs,14
2019,Alouette indéterminée,14
2019,Alouette lulu,14
2019,Autour des palombes,11
2019,Balbuzard pêcheur,11
2019,Bergeronnette des ruisseaux,14
2019,Bergeronnette printanière,14
2019,Bondrée apivore,11
2019,Bruant des roseaux,14
2019,Bruant fou,14
2019,Bruant jaune,14
2019,Bruant ortolan,14
2019,Bruant proyer,14
2019,Busard Saint-Martin,11
2019,Busard cendré,11
2019,Busard des roseaux,11
2019,Busard indéterminé,11
2019,Busard pâle,11
2019,Buse variable,11
2019,Bécassine des marais,14
2019,Canard pilet,14
2019,Canard siffleur,14
2019,Canard souchet,14
2019,Chardonneret élégant,14
2019,Chevalier aboyeur,14
2019,Cigogne blanche,14
2019,Cigogne noire,14
2019,Circaète Jean-le-Blanc,11
2019,Corbeau freux,14
2019,Coucou gris,14
2019,Courlis corlieu,14
2019,Faucon crécerelle,11
2019,Faucon hobereau,11
2019,Faucon indéterminé,11
2019,Faucon pèlerin,11
2019,Faucon émerillon,11
2019,Goéland brun,14
2019,Goéland indéterminé,14
2019,Goéland leucophée,14
2019,Grand Cormoran,14
2019,Grande Aigrette,14
2019,Grive draine,14
2019,Grive mauvis,14
2019,Grive musicienne,14
2019,Grosbec casse-noyaux,14
2019,Grue cendrée,14
2019,Harle bièvre,14
2019,Hibou des marais,11
2019,Hirondelle de fenêtre,14
2019,Hirondelle de rivage,14
2019,Hirondelle de rochers,14
2019,Hirondelle indéterminée,14
2019,Hirondelle rustique,14
2019,Héron cendré,14
2019,Héron pourpré,14
2019,Linotte mélodieuse,14
2019,Martinet noir,14
2019,Martinet à ventre blanc,14
2019,Merle noir,14
2019,Milan noir,11
2019,Milan royal,11
2019,Moineau domestique,14
2019,Moineau friquet,14
2019,Mouette mélanocéphale,14
2019,Mouette rieuse,14
2019,Mésange bleue,14
2019,Mésange charbonnière,14
2019,Mésange indéterminée,14
2019,Mésange noire,14
2019,Mésange à longue queue,14
2019,Oie cendrée,14
2019,Passereau indéterminé,14
2019,Pic épeiche,14
2019,Pigeon colombin,14
2019,Pigeon ramier,14
2019,Pinson des arbres,14
2019,Pinson du Nord,14
2019,Pipit des arbres,14
2019,Pouillot véloce,14
2019,Rapace indéterminé,11
2019,Rougequeue noir,14
2019,Rémiz penduline,14
2019,Sarcelle d'été,14
2019,Serin cini,14
2019,Tarin des aulnes,14
2019,Vanneau huppé,14
2019,Vautour fauve,11
2019,Verdier d'Europe,14
2020,Accenteur mouchet,13
2020,Aigle pomarin ou criard,10
2020,Aigrette garzette,13
2020,Alouette des champs,13
2020,Alouette indéterminée,13
2020,Alouette lulu,13
2020,Balbuzard pêcheur,10
2020,Bec-croisé des sapins,13
2020,Bergeronnette des ruisseaux,13
2020,Bergeronnette grise,13
2020,Bergeronnette printanière,13
2020,Bondrée apivore,10
2020,Bruant des roseaux,13
2020,Bruant fou,13
2020,Bruant jaune,13
2020,Bruant proyer,13
2020,Bruant zizi,13
2020,Busard Saint-Martin,10
2020,Busard cendré,10
2020,Busard des roseaux,10
2020,Busard indéterminé,10
2020,Busard pâle,10
2020,Buse variable,10
2020,Bécassine des marais,13
2020,Canard indéterminé,13
2020,Canard pilet,13
2020,Chardonneret élégant,13
2020,Chevalier aboyeur,13
2020,Cigogne blanche,13
2020,Cigogne noire,13
2020,Circaète Jean-le-Blanc,10
2020,Corbeau freux,13
2020,Courlis cendré,13
2020,Faucon crécerelle,10
2020,Faucon hobereau,10
2020,Faucon indéterminé,10
2020,Faucon pèlerin,10
2020,Faucon émerillon,10
2020,Fringille indéterminé,13
2020,Goéland indéterminé,13
2020,Goéland leucophée,13
2020,Grand Cormoran,13
2020,Grande Aigrette,13
2020,Grive draine,13
2020,Grive litorne,13
2020,Grive mauvis,13
2020,Grive musicienne,13
2020,Grosbec casse-noyaux,13
2020,Grue cendrée,13
2020,Harle bièvre,13
2020,Hirondelle de fenêtre,13
2020,Hirondelle de rivage,13
2020,Hirondelle de rochers,13
2020,Hirondelle indéterminée,13
2020,Hirondelle rustique,13
2020,Héron cendré,13
2020,Héron pourpré,13
2020,Linotte mélodieuse,13
2020,Martinet noir,13
2020,Martinet pâle,13
2020,Martinet à ventre blanc,13
2020,Milan noir,10
2020,Milan royal,10
2020,Moineau friquet,13
2020,Mouette rieuse,13
2020,Mésange bleue,13
2020,Mésange charbonnière,13
2020,Oie cendrée,13
2020,Pigeon biset domestique,13
2020,Pigeon colombin,13
2020,Pigeon indéterminé,13
2020,Pigeon ramier,13
2020,Pinson des arbres,13
2020,Pinson du Nord,13
2020,Pipit des arbres,13
2020,Pouillot véloce,13
2020,Rapace indéterminé,10
2020,Serin cini,13
2020,Sizerin cabaret,13
2020,Tarin des aulnes,13
2020,Vanneau huppé,13
2020,Verdier d'Europe,13
2021,Accenteur mouchet,13
2021,Alouette des champs,13
2021,Alouette indéterminée,13
2021,Alouette lulu,13
2021,Balbuzard pêcheur,11
2021,Bec-croisé des sapins,13
2021,Bergeronnette des ruisseaux,13
2021,Bergeronnette grise,13
2021,Bergeronnette printanière,13
2021,Bondrée apivore,11
2021,Bouvreuil pivoine,13
2021,Bruant des roseaux,13
2021,Bruant jaune,13
2021,Bruant proyer,13
2021,Busard Saint-Martin,11
2021,Busard cendré,11
2021,Busard des roseaux,11
2021,Busard indéterminé,11
2021,Busard pâle,11
2021,Buse variable,11
2021,Bécasseau variable,13
2021,Bécassine des marais,13
2021,Canard indéterminé,13
2021,Canard pilet,13
2021,Cassenoix moucheté,13
2021,Chardonneret élégant,13
2021,Chevalier aboyeur,13
2021,Choucas des tours,13
2021,Cigogne blanche,13
2021,Cigogne noire,13
2021,Circaète Jean-le-Blanc,11
2021,Corbeau freux,13
2021,Courlis cendré,13
2021,Courlis corlieu,13
2021,Courlis indéterminé,13
2021,Faucon crécerelle,11
2021,Faucon hobereau,11
2021,Faucon indéterminé,11
2021,Faucon pèlerin,11
2021,Faucon émerillon,11
2021,Fringille indéterminé,13
2021,Geai des chênes,13
2021,Goéland brun,13
2021,Goéland indéterminé,13
2021,Goéland leucophée,13
2021,Grand Cormoran,13
2021,Grand Gravelot,13
2021,Grande Aigrette,13
2021,Grive draine,13
2021,Grive litorne,13
2021,Grive mauvis,13
2021,Grive musicienne,13
2021,Grosbec casse-noyaux,13
2021,Grue cendrée,13
2021,Guêpier d'Europe,13
2021,Harle bièvre,13
2021,Hirondelle de fenêtre,13
2021,Hirondelle de rivage,13
2021,Hirondelle de rochers,13
2021,Hirondelle indéterminée,13
2021,Hirondelle rustique,13
2021,Héron cendré,13
2021,Héron pourpré,13
2021,Ibis sacré,13
2021,Labbe parasite,13
2021,Linotte mélodieuse,13
2021,Martinet noir,13
2021,Martinet à ventre blanc,13
2021,Merle / Grive indéterminé,13
2021,Merle noir,13
2021,Milan indéterminé,11
2021,Milan noir,11
2021,Milan royal,11
2021,Moineau friquet,13
2021,Mouette indéterminée,13
2021,Mouette mélanocéphale,13
2021,Mouette rieuse,13
2021,Mésange bleue,13
2021,Mésange charbonnière,13
2021,Mésange indéterminée,13
2021,Mésange noire,13
2021,Oie cendrée,13
2021,Passereau indéterminé,13
2021,Petit limicole indéterminé,13
2021,Pigeon colombin,13
2021,Pigeon indéterminé,13
2021,Pigeon ramier,13
2021,Pinson des arbres,13
2021,Pinson des arbres / du Nord,13
2021,Pinson du Nord,13
2021,Pipit des arbres,13
2021,Pipit farlouse,13
2021,Pipit indéterminé,13
2021,Pipit rousseline,13
2021,Pipit spioncelle,13
2021,Pygargue à queue blanche,11
2021,Rapace indéterminé,11
2021,Rémiz penduline,13
2021,Serin cini,13
2021,Spatule blanche,13
2021,Sterne caspienne,13
2021,Tadorne casarca,13
2021,Tarin des aulnes,13
2021,Traquet motteux,13
2021,Vanneau huppé,13
2021,Vautour fauve,11
2021,Verdier d'Europe,13
2021,Élanion blanc,11
2021,Épervier d'Europe,11
2021,Étourneau sansonnet,13
2023,Accenteur mouchet,15
2023,Aigle pomarin,12
2023,Aigrette garzette,16
2023,Alouette des champs,15
2023,Alouette lulu,15
2023,Autour des palombes,12
2023,Balbuzard pêcheur,12
2023,Bec-croisé des sapins,16
2023,Bergeronnette des ruisseaux,16
2023,Bergeronnette grise,16
2023,Bondrée apivore,12
2023,Bouvreuil pivoine,16
2023,Bruant des roseaux,16
2023,Bruant jaune,16
2023,Bruant proyer,16
2023,Bruant spec.,16
2023,Busard Saint-Martin,12
2023,Busard Saint-Martin / cendré / pâle,12
2023,Busard cendré,12
2023,Busard des roseaux,12
2023,Busard pâle,12
2023,Buse variable,12
2023,Bécassine des marais,15
2023,Canard pilet,15
2023,Chardonneret élégant,16
2023,Chevalier aboyeur,15
2023,Chevalier arlequin,15
2023,Chevalier sylvain,15
2023,Choucas des tours,16
2023,Cigogne blanche,16
2023,Cigogne noire,16
2023,Circaète Jean-le-Blanc,12
2023,Corbeau freux,16
2023,Cormoran pygmée,16
2023,Courlis cendré,15
2023,Faucon crécerelle,12
2023,Faucon hobereau,12
2023,Faucon pèlerin,12
2023,Faucon émerillon,12
2023,Geai des chênes,16
2023,Goéland brun,16
2023,Goéland leucophée,16
2023,Grand Corbeau,16
2023,Grand Cormoran,16
2023,Grande Aigrette,16
2023,Grive draine,15
2023,Grive litorne,15
2023,Grive mauvis,15
2023,Grive musicienne,15
2023,Grue cendrée,15
2023,Harle bièvre,15
2023,Hirondelle de fenêtre,15
2023,Hirondelle de rivage,15
2023,Hirondelle de rochers,15
2023,Hirondelle rustique,15
2023,Héron cendré,16
2023,Héron pourpré,16
2023,Linotte mélodieuse,16
2023,Martinet noir,15
2023,Martinet à ventre blanc,15
2023,Merle noir,15
2023,Milan noir,12
2023,Milan royal,12
2023,Mouette mélanocéphale,16
2023,Mouette rieuse,15
2023,Mésange bleue,15
2023,Mésange charbonnière,15
2023,Mésange noire,15
2023,Oie cendrée,15
2023,Ouette d’Égypte,15
2023,Petit Gravelot,15
2023,Pic épeiche,16
2023,Pigeon biset domestique,15
2023,Pigeon colombin,15
2023,Pigeon ramier,15
2023,Pinson des arbres,16
2023,Pinson du Nord,16
2023,Pipit des arbres,16
2023,Pipit farlouse,16
2023,Pipit rousseline,16
2023,Rougegorge familier,15
2023,Rougequeue noir,15
2023,Rougequeue à front blanc,15
2023,Rémiz penduline,15
2023,Serin cini,16
2023,Sizerin flammé/ Sizerin cabaret,16
2023,Spatule blanche,16
2023,Sterne caspienne,16
2023,Tadorne de Belon,15
2023,Tarin des aulnes,16
2023,ardéidé spec.,16
2023,bergeronnette spec.,16
2023,buse ou bondrée,12
2023,corvidé spec.,16
2023,gravelot spec.,15
2023,laridé spec.,16
2023,pouillot spec.,15
2023,Étourneau sansonnet,15
2024,Accenteur mouchet,20
2024,Aigle royal,14
2024,Aigrette garzette,19
2024,Alouette des champs,19
2024,Alouette indéterminée,19
2024,Alouette lulu,19
2024,Autour des palombes,14
2024,Balbuzard pêcheur,14
2024,Bec-croisé des sapins,20
2024,Bergeronnette des ruisseaux,20
2024,Bergeronnette grise,20
2024,Bergeronnette sp.,20
2024,Bondrée apivore,14
2024,Bouvreuil pivoine,20
2024,Bruant des roseaux,20
2024,Bruant jaune,20
2024,Bruant ortolan,20
2024,Bruant proyer,20
2024,Bruant sp.,20
2024,Bruant zizi,20
2024,Busard Saint-Martin,14
2024,Busard Saint-Martin / cendré / pâle,14
2024,Busard cendré,14
2024,Busard des roseaux,14
2024,Busard indéterminé,14
2024,Busard pâle,14
2024,Buse ou Bondrée,14
2024,Buse variable,14
2024,Bécasseau variable,18
2024,Bécassine des marais,18
2024,Canard pilet,18
2024,Chardonneret élégant,20
2024,Choucas des tours,19
2024,Cigogne blanche,19
2024,Cigogne noire,19
2024,Corbeau freux,19
2024,Corneille noire,19
2024,Coucou gris,18
2024,Courlis cendré,18
2024,Courlis corlieu,18
2024,Faucon crécerelle,14
2024,Faucon d'Eléonore,14
2024,Faucon hobereau,14
2024,Faucon hobereau / Faucon kobez,14
2024,Faucon indéterminé,14
2024,Faucon pèlerin,14
2024,Faucon émerillon,14
2024,Fauvette à tête noire,19
2024,Fringille indéterminé,20
2024,Fuligule milouin,18
2024,Goéland brun,18
2024,Goéland cendré,18
2024,Goéland indéterminé,19
2024,Goéland leucophée,18
2024,Goéland marin,18
2024,Goéland pontique,18
2024,Grand Corbeau,19
2024,Grand Cormoran,19
2024,Grand Gravelot,18
2024,Grande Aigrette,19
2024,Grive draine,19
2024,Grive mauvis,19
2024,Grive musicienne,19
2024,Grue cendrée,18
2024,Hirondelle de fenêtre,19
2024,Hirondelle de rivage,19
2024,Hirondelle de rochers,19
2024,Hirondelle indéterminée,19
2024,Hirondelle rustique,19
2024,Hybride Corneille noire x mantelée,19
2024,Héron cendré,19
2024,Héron pourpré,19
2024,Laridé indéterminé,19
2024,Linotte mélodieuse,20
2024,Martinet noir,18
2024,Martinet à ventre blanc,18
2024,Merle noir,19
2024,Merle à plastron,19
2024,Milan indéterminé,14
2024,Milan noir,14
2024,Milan royal,14
2024,Moineau friquet,19
2024,Mouette mélanocéphale,18
2024,Mouette rieuse,18
2024,Mésange bleue,19
2024,Mésange charbonnière,19
2024,Mésange huppée,19
2024,Mésange indéterminée,19
2024,Mésange noire,19
2024,Mésange nonnette,19
2024,Mésange à longue queue,19
2024,Oie cendrée,18
2024,Ouette d’Égypte,18
2024,Pigeon biset domestique,18
2024,Pigeon colombin,18
2024,Pigeon ramier,18
2024,Pigeon ramier & Pigeon sp.,18
2024,Pinson des arbres,20
2024,Pinson du Nord,20
2024,Pipit des arbres,20
2024,Pipit farlouse,20
2024,Pipit rousseline,20
2024,Pipit spioncelle,20
2024,Pipit à gorge rousse,20
2024,Pluvier doré,18
2024,Pouillot indéterminé,19
2024,Pouillot véloce,19
2024,Pouillot à grands sourcils,19
2024,Pygargue à queue blanche,14
2024,Rapace indéterminé,14
2024,Rollier d’Europe,19
2024,Rougequeue noir,19
2024,Serin cini,20
2024,Sittelle torchepot,19
2024,Sizerin flammé/cabaret,20
2024,Sterne caspienne,18
2024,Sterne pierregarin,18
2024,Tadorne de Belon,18
2024,Tarin des aulnes,20
2024,Tourterelle des bois,18
2024,Vanneau huppé,18
2024,Vautour fauve,14
2024,Étourneau sansonnet,19
2025,Accenteur mouchet,18
2025,Aigle criard,13
2025,Aigle royal,13
2025,Aigrette garzette,17
2025,Alouette des champs,18
2025,Alouette indéterminée,18
2025,Alouette lulu,18
2025,Autour des palombes,13
2025,Balbuzard pêcheur,13
2025,Barge rousse,17
2025,Bec-croisé des sapins,19
2025,Bergeronnette des ruisseaux,18
2025,Bergeronnette grise,18
2025,Bihoreau gris,17
2025,Bondrée apivore,13
2025,Bouvreuil pivoine,19
2025,Bruant des roseaux,19
2025,Bruant fou,19
2025,Bruant indéterminé,19
2025,Bruant jaune,19
2025,Bruant ortolan,19
2025,Bruant proyer,19
2025,Bruant zizi,19
2025,Busard Saint-Martin,13
2025,Busard Saint-Martin / cendré / pâle,13
2025,Busard cendré,13
2025,Busard des roseaux,13
2025,Busard indéterminé,13
2025,Busard pâle,13
2025,Buse féroce,13
2025,Buse ou Bondrée,13
2025,Buse variable,13
2025,Bécassine des marais,17
2025,Canard pilet,16
2025,Canard siffleur,16
2025,Canard souchet,16
2025,Chardonneret élégant,19
2025,Chevalier aboyeur,17
2025,Chevalier guignette,17
2025,Chevalier sylvain,17
2025,Choucas des tours,18
2025,Cigogne blanche,17
2025,Cigogne noire,17
2025,Corbeau freux,18
2025,Cormoran pygmée,17
2025,Corneille noire,18
2025,Corvidé indéterminé,18
2025,Courlis cendré,17
2025,Courlis corlieu,17
2025,Faucon crécerelle,13
2025,Faucon crécerelle/crécerellette,13
2025,Faucon hobereau,13
2025,Faucon hobereau / Faucon kobez,13
2025,Faucon indéterminé,13
2025,Faucon kobez,13
2025,Faucon pèlerin,13
2025,Faucon émerillon,13
2025,Flamant rose,17
2025,Fringille indéterminé,19
2025,Garzette / Garde-boeufs,17
2025,Gobemouche noir,18
2025,Goéland brun,17
2025,Goéland cendré,17
2025,Goéland indéterminé,17
2025,Goéland leucophée,17
2025,Grand Corbeau,18
2025,Grande Aigrette,17
2025,Grive draine,18
2025,Grive litorne,18
2025,Grive mauvis,18
2025,Grive musicienne,18
2025,Grue cendrée,17
2025,Hirondelle de fenêtre,18
2025,Hirondelle de rivage,18
2025,Hirondelle de rochers,18
2025,Hirondelle rustique,18
2025,Héron cendré,17
2025,Héron pourpré,17
2025,Ibis chauve,17
2025,Ibis falcinelle,17
2025,Laridé indéterminé,17
2025,Limicole indéterminé,17
2025,Linotte mélodieuse,19
2025,Loriot d'Europe,18
2025,Martinet noir/pâle,16
2025,Martinet à ventre blanc,16
2025,Merle noir,18
2025,Milan noir,13
2025,Milan royal,13
2025,Mouette mélanocéphale,17
2025,Mouette rieuse,17
2025,Mésange bleue,18
2025,Mésange charbonnière,18
2025,Mésange indéterminée,18
2025,Oie cendrée,16
2025,Oie indéterminée,16
2025,Passereau indéterminé,19
2025,Petit limicole indéterminé,17
2025,Pic épeiche,18
2025,Pigeon biset domestique,16
2025,Pigeon colombin,16
2025,Pinson du Nord,19
2025,Pipit de Richard,18
2025,Pipit des arbres,18
2025,Pipit des arbres/dos olive,19
2025,Pipit farlouse,18
2025,Pipit indéterminé,19
2025,Pipit rousseline,18
2025,Pipit spioncelle,19
2025,Pipit à gorge rousse,19
2025,Pouillot indéterminé,18
2025,Pouillot véloce,18
2025,Pygargue à queue blanche,13
2025,Rapace indéterminé,13
2025,Roitelet indéterminé,18
2025,Rollier d’Europe,17
2025,Rougequeue noir,18
2025,Rémiz penduline,18
2025,Serin cini,19
2025,Sizerin cabaret,19
2025,Sterne caspienne,17
2025,Tadorne de Belon,16
2025,Tarin des aulnes,19
2025,Tourterelle des bois,17
2025,Traquet motteux,18
2025,Vanneau huppé,17
2025,Venturon montagnard,19
