year,date,kind,days,cause,report_id,source_key,pdf_page,evidence,review_status,note
2004,,weather_affected_days,22,rain,defile-report-2004,effort,1,"Le suivi de la migration postnuptiale a duré du 11 juillet au 2 décembre 2004, soit 143 jours, dont il faut déduire 22 jours de pluie importante : restent 121 jours d'observation pas toujours facile en raison de la brume fréquente et parfois assez dense.",checked,Days deducted by the author; do not automatically equate this wording with verified whole-day closures.
2005,,weather_affected_days,21,rain,defile-report-2005,effort,1,"Le suivi de la migration post-nuptiale a duré du 10 juillet au 13 décembre (157 jours), dont il faut déduire 21 jours de pluie, 19 de brouillard matinal au sol (parfois jusqu'en début d'après-midi) et 17 de brume élevée avec brouillard (où l'on ne voyait presque rien le matin et un peu plus l’après-midi). Par ailleurs, fin novembre et début décembre, il a souvent soufflé une bise assez forte et froide, qui a décidé beaucoup de Milans royaux Milvus milvus et de Buses varia-bles Buteo buteo à partir.",extracted,Includes morning/partial-day limitations; categories may overlap and must not be summed as full closures.
2005,,weather_affected_days,19,fog,defile-report-2005,effort,1,"Le suivi de la migration post-nuptiale a duré du 10 juillet au 13 décembre (157 jours), dont il faut déduire 21 jours de pluie, 19 de brouillard matinal au sol (parfois jusqu'en début d'après-midi) et 17 de brume élevée avec brouillard (où l'on ne voyait presque rien le matin et un peu plus l’après-midi). Par ailleurs, fin novembre et début décembre, il a souvent soufflé une bise assez forte et froide, qui a décidé beaucoup de Milans royaux Milvus milvus et de Buses varia-bles Buteo buteo à partir.",extracted,Includes morning/partial-day limitations; categories may overlap and must not be summed as full closures.
2005,,weather_affected_days,17,fog_haze,defile-report-2005,effort,1,"Le suivi de la migration post-nuptiale a duré du 10 juillet au 13 décembre (157 jours), dont il faut déduire 21 jours de pluie, 19 de brouillard matinal au sol (parfois jusqu'en début d'après-midi) et 17 de brume élevée avec brouillard (où l'on ne voyait presque rien le matin et un peu plus l’après-midi). Par ailleurs, fin novembre et début décembre, il a souvent soufflé une bise assez forte et froide, qui a décidé beaucoup de Milans royaux Milvus milvus et de Buses varia-bles Buteo buteo à partir.",extracted,Includes morning/partial-day limitations; categories may overlap and must not be summed as full closures.
2006,,weather_affected_days,25,rain,defile-report-2006,effort,1,"Le suivi de la migration post-nuptiale a duré du 12 juillet au 13 décembre, mais l'observa-tion n'a été continue qu'à partir du 25 juillet (142 jours). Il faut en déduire 25 jours de pluie et signaler 18 jours de vent du sud-ouest, très fort et gênant pour les migrateurs, ainsi que - et surtout — 47 jours brumeux à très brumeux (suffisamment pour entraver l'observation). I reste 99 jours effectifs de migration, y compris les jours de «brume de beau temps», lors de voiles parfois brunâtres, vers 1000 m d'alti-tude, en période anticyclonique. Le grand nombre de rapaces indéterminés (214) est à mettre sur le compte des oiseaux passant loin, lors des journées de brume.",extracted,Reported weather-affected days; full-day non-observation and overlap between categories are not established.
2006,,weather_affected_days,18,wind,defile-report-2006,effort,1,"Le suivi de la migration post-nuptiale a duré du 12 juillet au 13 décembre, mais l'observa-tion n'a été continue qu'à partir du 25 juillet (142 jours). Il faut en déduire 25 jours de pluie et signaler 18 jours de vent du sud-ouest, très fort et gênant pour les migrateurs, ainsi que - et surtout — 47 jours brumeux à très brumeux (suffisamment pour entraver l'observation). I reste 99 jours effectifs de migration, y compris les jours de «brume de beau temps», lors de voiles parfois brunâtres, vers 1000 m d'alti-tude, en période anticyclonique. Le grand nombre de rapaces indéterminés (214) est à mettre sur le compte des oiseaux passant loin, lors des journées de brume.",extracted,Reported weather-affected days; full-day non-observation and overlap between categories are not established.
2006,,weather_affected_days,47,fog_haze,defile-report-2006,effort,1,"Le suivi de la migration post-nuptiale a duré du 12 juillet au 13 décembre, mais l'observa-tion n'a été continue qu'à partir du 25 juillet (142 jours). Il faut en déduire 25 jours de pluie et signaler 18 jours de vent du sud-ouest, très fort et gênant pour les migrateurs, ainsi que - et surtout — 47 jours brumeux à très brumeux (suffisamment pour entraver l'observation). I reste 99 jours effectifs de migration, y compris les jours de «brume de beau temps», lors de voiles parfois brunâtres, vers 1000 m d'alti-tude, en période anticyclonique. Le grand nombre de rapaces indéterminés (214) est à mettre sur le compte des oiseaux passant loin, lors des journées de brume.",extracted,Reported weather-affected days; full-day non-observation and overlap between categories are not established.
2007,,weather_affected_days,30,rain,defile-report-2007,effort,1,"Le suivi de la migration post-nuptiale a duré du 12 juillet au 5 décembre (147 jours), des-quels doivent être déduits 30 jours de pluie et 11 de vent très fort du sud-ouest, contraires au sens de la migration. Restent 106 jours, dont 22 de fort vent du nord-est et de brume, ces derniers en partie dus à la pollution géné-rée par l'agglomération genevoise. Cette brume gêne considérablement l'observation et explique le nombre des indéterminés.",extracted,Author deductions and impaired observation are preserved; full-day closures are not independently established.
2007,,weather_affected_days,11,wind,defile-report-2007,effort,1,"Le suivi de la migration post-nuptiale a duré du 12 juillet au 5 décembre (147 jours), des-quels doivent être déduits 30 jours de pluie et 11 de vent très fort du sud-ouest, contraires au sens de la migration. Restent 106 jours, dont 22 de fort vent du nord-est et de brume, ces derniers en partie dus à la pollution géné-rée par l'agglomération genevoise. Cette brume gêne considérablement l'observation et explique le nombre des indéterminés.",extracted,Author deductions and impaired observation are preserved; full-day closures are not independently established.
2007,,weather_affected_days,22,wind_fog,defile-report-2007,effort,1,"Le suivi de la migration post-nuptiale a duré du 12 juillet au 5 décembre (147 jours), des-quels doivent être déduits 30 jours de pluie et 11 de vent très fort du sud-ouest, contraires au sens de la migration. Restent 106 jours, dont 22 de fort vent du nord-est et de brume, ces derniers en partie dus à la pollution géné-rée par l'agglomération genevoise. Cette brume gêne considérablement l'observation et explique le nombre des indéterminés.",extracted,Author deductions and impaired observation are preserved; full-day closures are not independently established.
2008,,season_full_day_closures,9,weather_unspecified,defile-report-2008,effort,9,"Il y a eu 9 jours (6,5 %) sans observations du fait de conditions météorologiques très défavorables, 10 jours (8 %) où moins de 10 rapaces ont été comptabilisés et 9 jours (7,1 %) où plus de 1000 rapaces ont été dénombrés. Ces 9 journées totalisent 13339 rapaces soit 32,8 % de l'effectif total.",extracted,Dates of the closures are not stated.
2009,,season_full_day_closures,13,weather_unspecified,defile-report-2009,effort,9,"Il y a eu 13 jours (9,3%) sans observations du fait de conditions météorologiques très défavorables et 2 jours durant lesquels aucun rapace n’a été noté. Il y à eu 10 jours (7%) où moins de 10 rapaces ont été comptabilisés, 19 jours (13,7%) ont fournis des effectifs compris entre 500 et 1000 rapaces. Enfin, seulement 2 journées voient un effectif supérieur à 1000 rapaces et totalisent 2492 individus soit 8,8% de l'effectif total.",checked,"Dates of the closures are not stated. Report says 139 season days, 127 continuously observed days and 13 closures; preserve this discrepancy."
2010,,season_full_day_closures,6,weather_unspecified,defile-report-2010,effort,9,"Il y a eu 6 jours (4,8%) sans observations du fait de conditions météorologiques très défavorables et 4 jours durant lesquels aucun rapace n’a été noté. Il y a eu 6 jours (4,8%) ou moins de 10 rapaces ont été comptabilisés, 12 jours (9,5%) ont fourni des effectifs compris entre 500 et 1000 rapaces. Enfin, 6 journées voient un",extracted,Dates of the closures are not stated. The 2010 report prints 2009 in its season-date sentence; retained as source inconsistency.
2011,,season_full_day_closures,2,weather_unspecified,defile-report-2011,effort,10,"Il y a eu 2 jours (1,5%) sans observations du fait de conditions météorologiques très défavorables et 5 jours durant lesquels aucun rapace n’a été noté. Il y a eu 8 jours (6%) ou moins de 10 rapaces ont été comptabilisés, 16 jours (12%) ont fourni des effectifs compris entre 500 et 1000 rapaces. Enfin, 11 journées voient un effectif supérieur à 1000 rapaces et totalisent 19096 individus soit 41% de l'effectif total.",extracted,Dates of the closures are not stated.
2012,,partial_observation_days,8,weather_unspecified,defile-report-2012,effort,10,"Durant cette période comprenant 139 jours, 129 (93%) ont fait l’objet d'observation continue avec toutefois 8 jours d'observations non continue (moins de 7h journalière du fait de conditions météorologiques défavorables). Ces 129 jours totalisent un peu plus de 1140 heures d'observation soit une moyenne de 8 heures et 50 minutes par jour. Le nombre d’heures observateurs est estimé à 3089 (exemple : 2 observateurs actifs sur une journée de 10h de suivi = 20h observateur).",extracted,Less than seven observation hours per affected day; not eight full-day closures.
2013,,partial_observation_days,8,weather_unspecified,defile-report-2013,effort,11,"Durant cette période de 141 jours, 137 (97%) ont fait l’objet d’un suivi, dont 129 (91%) en continu sur l’ensemble de la journée et 8 (6%) comptant moins de 6h journalières du fait de conditions météorologiques défavorables. Ces 137 jours totalisent un peu plus de 1200 heures d’observation soit une moyenne de 8 heures et 45 minutes par jour. Le nombre d’heures-observateur est de 3400, dont 450 heures effectuées par un salarié et 2950 heures accomplies par les bénévoles (exemple : 2 observateurs actifs sur une journée de 10h de suivi = 20h-observateur).",extracted,Less than six observation hours per affected day; not eight full-day closures. Do not infer weather closures from 141 minus 137.
2014,,season_full_day_closures,5,weather_unspecified,defile-report-2014,effort,9,"La migration visible a été suivie du 15 juillet au 21 novembre 2014. Durant cette période de 130 jours, 125 ont fait l’objet d’un suivi. Les conditions météo trop défavorables n’ont pas permis d’effectuer le suivi durant 5 journées. Ces 125 jours totalisent un peu plus de 1138 heures d’observation soit une moyenne de 9 heures par jour. Le nombre d’heures-observateur est de 3055, dont environ 405 heures effectuées par un salarié et 2650 heures accomplies par les bénévoles (exemple : 2 observateurs actifs sur une journée de 10h de suivi = 20h observateur).",extracted,Dates are not stated.
2015,,season_full_day_closures,7,weather_unspecified,defile-report-2015,effort,9,"La migration visible a été suivie du 18 juillet au 4 décembre 2015. Durant cette période de 141 jours, 134 ont fait l’objet d’un suivi. Les conditions météorologiques trop défavorables n’ont pas permis d’effectuer le suivi durant 7 journées. Ces 134 jours totalisent un peu plus de 1137 heures d’observation soit une moyenne de 8h30 par jour. Le nombre d’heures-observateur est de 2650, dont environ 525 heures effectuées par un salarié et 2125 heures accomplies par les bénévoles (exemple : 2 observateurs actifs sur une journée de 10h de suivi = 20 heures-observateur).",extracted,Dates are not stated.
2016,,season_full_day_closures,11,weather_unspecified,defile-report-2016,effort,9,"La migration visible a été suivie du 18 juillet au 17 novembre 2016. Durant cette période de 123 jours, 112 ont fait l’objet d’un suivi. Les conditions météorologiques trop défavorables n’ont pas permis d’effectuer le suivi durant 11 journées. Ces 112 jours totalisent un peu plus de 933 heures d’observation soit une moyenne de 8h30 par jour. Le nombre d’heures-observateur est de 2394, dont environ 426 heures effectuées par un salarié et 1967 heures accomplies par les bénévoles (exemple : 2 observateurs actifs sur une journée de 10h de suivi = 20 heures-observateur).",extracted,Dates are not stated.
2018,,season_full_day_closures,3,unspecified,defile-report-2018,results_general,10,"On note 3 journées avec moins de 10 rapaces comptabilisés, quelques journées avec des effectifs faibles (20 à 30 individus) et 3 journées où les conditions n’ont pas permis d’observer (fig. 5). 20 journées ont vu passer de 500 à 1000 rapaces, 3 journées en totalisent 1000 à 1500 et 1 journée atteint un",extracted,"Report says conditions prevented observation, without naming the cause in this statement."
2020,,season_full_day_closures,1,unspecified,defile-report-2020,results_general,9,"On note 4 journées sans rapaces (dont 1 sans comptage), 4 journées avec moins de 10 individus comptabilisés et quelques journées avec des effectifs faibles (10 à 30 individus). Toutes les journées, sauf une, ont bénéficié d’un suivi, malgré des conditions météorologiques parfois très défavorables (fig. 5). 8 journées ont vu passer de 500 à 1000 rapaces, 4 journées en totalisent 1000 à 2000 et 1 journée atteint le chiffre de 4305 rapaces. La journée la plus remarquable de la saison en termes d’effectif est celle du 14 octobre avec un total de 4305 rapaces dénombrés. Il s’agit notamment du pic de passage pour la Buse variable avec 2112 individus (fig. 5) et du Milan royal avec 2010 individus. Pour l’ensemble de la période de suivi, 35548 rapaces diurnes ont été dénombrés. 33498 individus représentent 20 espèces et 183 oiseaux n’ont pu être déterminés (fig. 3). Parmi ces 20 espèces, les 6 majoritairement représentées comptabilisent, à elles seules, 98,9% de l’effectif total des rapaces dénombrés (fig. 4). Les 5 principales espèces, dans l’ordre décroissant des effectifs, sont le Milan royal, en première position, totalisant 35,4%, la Buse variable avec 25%, le Milan noir avec 19,7% et la Bondrée apivore avec 14,9%. Viennent ensuite 3 espèces aux effectifs nettement inférieurs : l’Epervier d’Europe avec 1,7%, le Faucon crécerelle avec 1,2% et enfin le Busard des roseaux avec 1% du total observé.",extracted,No counting is explicitly stated; the cause is unspecified. Days with zero raptors are not counted as closures.
2021,,season_full_day_closures,1,unspecified,defile-report-2021,results_general,10,"Cette année 2021 a vu passer 60 467 rapaces au cours de la période protocolée, il s'agit de la deuxième année comptabilisant plus de 60 000 rapaces, après l'année de tous les records de 2012. Ces 60 467 rapaces concernent 18 espèces et 143 rapaces n'ont pu être déterminés avec exactitude (fig.5). On note 1 journée sans rapace (dont 1 sans comptage), 9 journées avec moins de 10 individus comptabilisés et quelques journées avec des effectifs faibles (10 à 30 individus). Toutes les journées, sauf une, ont bénéficié d’un suivi, malgré des conditions météorologiques parfois très défavorables. 12 journées ont vu passer de 500 à 1000 rapaces, 19 journées en totalisent 1000 à 2000, 2 journées dépassent les 2000 individus et 1 journée atteint le chiffre de 7 286 rapaces. Deux journées se démarquent particulièrement, celle du 8 août où 7 286 Milans noirs ont traversé la sphère d'observation, et plus classiquement celle du 10 octobre avec un total de 3 243 rapaces dénombrés. Il s’agit notamment du pic de passage pour la Buse variable avec 1928 individus et du Milan royal avec 1230 individus (max le 30/09 avec 1463 individus). Parmi ces 18 espèces, les 7 majoritairement représentées comptabilisent, à elles seules, 99,3% de l’effectif total des rapaces dénombrés (fig. 4). Les 5 principales espèces, dans l’ordre décroissant des effectifs, sont la Buse variable, en première position, totalisant 31,3%, le Milan royal avec 29,6%, le Milan noir avec 27,2% et la Bondrée apivore avec 7,1%. Viennent ensuite 3 espèces aux effectifs nettement inférieurs : l’Epervier d’Europe avec 2,0%, le Faucon crécerelle avec 1,3% et enfin le Busard des roseaux avec 0,9% du total observé.",extracted,No counting is explicitly stated; the cause is unspecified. Days with zero raptors are not counted as closures.
2023,,season_full_day_closures,0,weather_unspecified,defile-report-2023,effort,11,"En 2023, le suivi officiel de la migration a eu lieu du 17 juillet au 18 novembre soit 125 jours totalisant 1538,1 heures de suivi. Sur cette période, toutes les journées, sans exception, ont fait l’objet d’un comptage, y compris lorsque les conditions météorologiques étaient défavorables. Un comptage bénévole a également eu lieu sur le site les 15 et 16 juillet ainsi que les 19 et 23 novembre.",extracted,Explicit counting on every official-season day; does not establish uninterrupted coverage within each day.
2024,2024-09-26,dated_full_day_closure,1,poor_visibility,defile-report-2024,effort,11,"En 2024, le suivi officiel de la migration a eu lieu du 18 juillet au 18 novembre soit 124 jours totalisant 1486.50 heures de suivi. Sur cette période, hormis le 26 septembre et le 29 octobre (aucune visibilité), toutes les journées ont fait l’objet d'un comptage, y compris lorsque les conditions météorologiques étaient défavorables.",checked,"Two distinct dated closures; poor visibility is stated, fog is not specified as the cause."
2024,2024-10-29,dated_full_day_closure,1,poor_visibility,defile-report-2024,effort,11,"En 2024, le suivi officiel de la migration a eu lieu du 18 juillet au 18 novembre soit 124 jours totalisant 1486.50 heures de suivi. Sur cette période, hormis le 26 septembre et le 29 octobre (aucune visibilité), toutes les journées ont fait l’objet d'un comptage, y compris lorsque les conditions météorologiques étaient défavorables.",checked,"Two distinct dated closures; poor visibility is stated, fog is not specified as the cause."
2025,2025-10-23,dated_full_day_closure,1,wind,defile-report-2025,effort,10,"En 2025, le suivi officiel de la migration a eu lieu du 18 juillet au 18 novembre soit 124 jours totalisant 1537.40 heures de suivi. Sur la saison, hormis le 23 octobre (vent de Sud trop fort, et même dangereux), toutes les journées ont fait l'objet d'un comptage, y compris lorsque les conditions météorologiques étaient défavorables. À noter que certaines journées comportent tout de même des horaires en Hors Protocole. Soit par temps de gros brouillard, soit de pluie trop conséquente.",checked,Strong southerly wind; full-day non-counting is explicitly stated.
2025,,protocol_deviation,,fog_rain,defile-report-2025,effort,10,"En 2025, le suivi officiel de la migration a eu lieu du 18 juillet au 18 novembre soit 124 jours totalisant 1537.40 heures de suivi. Sur la saison, hormis le 23 octobre (vent de Sud trop fort, et même dangereux), toutes les journées ont fait l'objet d'un comptage, y compris lorsque les conditions météorologiques étaient défavorables. À noter que certaines journées comportent tout de même des horaires en Hors Protocole. Soit par temps de gros brouillard, soit de pluie trop conséquente.",extracted,"Off-protocol hours due to fog/rain are mentioned; dates, lost duration and actual interruption are not established. This is the same source paragraph as the dated wind closure, not an additional closed day."
