year,path,url
2025,references/defile/report-2025.pdf,https://biblio.lpo-aura.org/wp-content/uploads/2023/12/Defile-de-lEcluse-bilan-2025_V2.pdf
2024,references/defile/report-2024.pdf,https://biblio.lpo-aura.org/wp-content/uploads/2025/07/Suivi-de-la-migration-au-Defile-de-lEcluse-2024.pdf
2023,references/defile/report-2023.pdf,https://biblio.lpo-aura.org/wp-content/uploads/2023/12/Defile-de-lEcluse_2023.pdf
2021,references/defile/report-2021.pdf,https://biblio.lpo-aura.org/wp-content/uploads/2023/12/Defile-de-lEcluse-2021.pdf
2020,references/defile/report-2020.pdf,https://biblio.lpo-aura.org/wp-content/uploads/2023/12/Defile-de-lEcluse-2020.pdf
2019,references/defile/report-2019.pdf,https://biblio.lpo-aura.org/wp-content/uploads/2023/12/Defile-de-lEcluse-2019.pdf
2018,references/defile/report-2018.pdf,https://biblio.lpo-aura.org/wp-content/uploads/2023/12/Defile-de-lEcluse-2018.pdf
2017,references/defile/report-2017.pdf,https://biblio.lpo-aura.org/wp-content/uploads/2023/12/Defile-de-lEcluse-2017.pdf
2016,references/defile/report-2016.pdf,https://biblio.lpo-aura.org/wp-content/uploads/2023/12/Rapport-Defile-de-lEcluse-2016.pdf
2015,references/defile/report-2015.pdf,https://cdnfiles2.biolovision.net/www.migraction.net/pdffiles/news/Defile_de_l-Ecluse_2015-4888.pdf
2014,references/defile/report-2014.pdf,https://biblio.lpo-aura.org/wp-content/uploads/2023/12/Defile-de-lEcluse_2014.pdf
2013,references/defile/report-2013.pdf,https://biblio.lpo-aura.org/wp-content/uploads/2023/12/Defile-de-lEcluse_2013.pdf
2012,references/defile/report-2012.pdf,https://biblio.lpo-aura.org/wp-content/uploads/2024/11/Bilan_Migration_Defile_de_l-Ecluse2012-4231.pdf
2011,references/defile/report-2011.pdf,https://biblio.lpo-aura.org/wp-content/uploads/2024/11/Bilan_Defile_ecluse_2011.pdf
2010,references/defile/report-2010.pdf,https://biblio.lpo-aura.org/wp-content/uploads/2024/11/Defile_de_l-Ecluse_bilan_2010.pdf
2009,references/defile/report-2009.pdf,https://biblio.lpo-aura.org/wp-content/uploads/2024/11/Bilan_Defile_ecluse_2009.pdf
2008,references/defile/report-2008.pdf,https://biblio.lpo-aura.org/wp-content/uploads/2024/11/Bilan_Defile_ecluse_2008.pdf
2007,references/defile/report-2007.pdf,https://biblio.lpo-aura.org/wp-content/uploads/2024/11/Bilan_Defile_ecluse_2007.pdf
2006,references/defile/report-2006.pdf,https://biblio.lpo-aura.org/wp-content/uploads/2024/11/Bilan_Defile_ecluse_2006.pdf
2005,references/defile/report-2005.pdf,https://biblio.lpo-aura.org/wp-content/uploads/2024/11/Bilan_Defile_ecluse_2005.pdf
2004,references/defile/report-2004.pdf,https://biblio.lpo-aura.org/wp-content/uploads/2024/11/Bilan_Defile_ecluse_2004.pdf
